Stn Name,Date,Julian Day of Year,Max Air Temp (F),Min Air Temp (F),Max Rel Hum (%),Min Rel Hum (%),Precip (in),ETo (in),Avg Wind Speed (mph)
Davis,1/1/2010,1,55.5,45.5,90,81,0.04,0.02,5
Davis,1/2/2010,2,57.5,42.6,94,75,0,0.03,6
Davis,1/3/2010,3,50.5,34.7,94,87,0.01,0,2.3
Davis,1/4/2010,4,51.7,39,93,74,0,0.01,3.5
Davis,1/5/2010,5,45.8,38.1,94,89,0,0,2.9
Davis,1/6/2010,6,46.3,40.9,93,83,0,0,2.9
Davis,1/7/2010,7,45.4,41.9,93,90,0,0,2.6
Davis,1/8/2010,8,49,39.6,93,84,0.03,0,3.7
Davis,1/9/2010,9,47.3,38.5,94,93,0.01,0,2.8
Davis,1/10/2010,10,46.9,42.4,94,91,0,0,3.3
Davis,1/11/2010,11,46.7,42.2,94,88,0,0,3.6
Davis,1/12/2010,12,61.2,42.4,94,77,0.3,0.02,6.7
Davis,1/13/2010,13,63.4,41.9,92,55,0.28,0.05,5.5
Davis,1/14/2010,14,59.4,41.3,92,60,0,0.05,5.8
Davis,1/15/2010,15,51.6,36.3,94,82,0,0.02,3.4
Davis,1/16/2010,16,52.6,37.8,94,80,0.06,0.01,3.4
Davis,1/17/2010,17,53.3,46.2,93,78,0.07,0.01,7
Davis,1/18/2010,18,55.7,47.3,91,72,0.64,0.03,11.2
Davis,1/19/2010,19,50.5,44.9,89,79,1.55,0.02,11.9
Davis,1/20/2010,20,51,42.3,89,72,1.55,0.03,13.9
Davis,1/21/2010,21,46.8,40.9,92,80,0.77,0.01,6.9
Davis,1/22/2010,22,46.7,38.1,91,80,0.1,0.02,5.9
Davis,1/23/2010,23,54.1,38,92,70,0.18,0.04,5.1
Davis,1/24/2010,24,47.7,37,93,79,0.04,0.01,2.8
Davis,1/25/2010,25,49.2,43.4,93,79,0.51,0.01,5.5
Davis,1/26/2010,26,50.2,43.4,93,78,0.09,0.02,7.8
Davis,1/27/2010,27,56,34.7,92,62,0,0.07,5.1
Davis,1/28/2010,28,55.3,37.7,94,71,0,0.04,2.6
Davis,1/29/2010,29,53.7,42,92,78,0.06,0.03,3.9
Davis,1/30/2010,30,59.2,40.3,93,61,0,0.06,4.1
Davis,1/31/2010,31,57.6,36.7,93,65,0,0.06,3.1
Davis,2/1/2010,32,55,43.8,92,69,0.01,0.03,4.1
Davis,2/2/2010,33,54.8,39,90,68,0,0.03,5
Davis,2/3/2010,34,58.9,37.5,93,63,0,0.06,3.4
Davis,2/4/2010,35,53.7,43.3,92,78,0.51,0.01,7.5
Davis,2/5/2010,36,59,45.5,92,71,0.02,0.06,7
Davis,2/6/2010,37,53.2,44.8,92,80,0.12,0.02,5.2
Davis,2/7/2010,38,56.8,40.9,92,56,0,0.05,4.2
Davis,2/8/2010,39,55.3,35.7,94,68,0.02,0.05,4.5
Davis,2/9/2010,40,52.2,39.1,92,70,0.38,0.02,5
Davis,2/10/2010,41,56,34.3,92,69,0,0.06,4.9
Davis,2/11/2010,42,55.6,44.5,90,68,0,0.05,5.6
Davis,2/12/2010,43,59.2,45.7,91,69,0.04,0.05,4
Davis,2/13/2010,44,59,40.2,94,67,0,0.05,3
Davis,2/14/2010,45,64.9,39.5,94,67,0,0.07,2.6
Davis,2/15/2010,46,64.2,43.6,89,55,0,0.09,4
Davis,2/16/2010,47,64.5,42.7,94,53,0,0.08,3.6
Davis,2/17/2010,48,66.5,41.5,94,59,0.01,0.08,2.7
Davis,2/18/2010,49,65.4,43.2,94,65,0.01,0.07,3.5
Davis,2/19/2010,50,53.8,43.2,94,81,0,0.01,4
Davis,2/20/2010,51,54.7,41.4,91,68,0,0.04,4.3
Davis,2/21/2010,52,52.1,39,89,58,0,0.03,4.3
Davis,2/22/2010,53,56.5,39.9,93,31,0,0.11,7.3
Davis,2/23/2010,54,46.7,40.7,91,72,0.77,0,6.6
Davis,2/24/2010,55,56.3,44.9,92,79,0.08,0.02,7.1
Davis,2/25/2010,56,58.2,41.1,94,64,0,0.06,3.5
Davis,2/26/2010,57,54.5,40.5,92,79,0.44,0.01,6.9
Davis,2/27/2010,58,56.4,40.8,93,68,0.35,0.04,5.6
Davis,2/28/2010,59,63,36.8,90,48,0,0.08,3.3
Davis,3/1/2010,60,58,39.2,94,71,0,0.06,3.8
Davis,3/2/2010,61,56.3,44.2,93,66,0.23,0.03,6.4
Davis,3/3/2010,62,51.6,39.5,91,72,0.47,0.05,6.6
Davis,3/4/2010,63,52.6,32.8,94,57,0,0.06,3.6
Davis,3/5/2010,64,53.9,32,94,58,0,0.06,3.4
Davis,3/6/2010,65,62.6,42.3,85,49,0,0.09,5.5
Davis,3/7/2010,66,64,36.9,92,50,0,0.1,4.7
Davis,3/8/2010,67,53.9,38.5,85,46,0,0.1,7.8
Davis,3/9/2010,68,53,30.5,89,34,0,0.1,5.7
Davis,3/10/2010,69,53.4,33.3,88,34,0,0.1,5.7
Davis,3/11/2010,70,57.2,30.4,92,43,0,0.11,4.6
Davis,3/12/2010,71,51.3,38.1,92,70,0.28,0.02,6.7
Davis,3/13/2010,72,53.7,33.2,82,32,0,0.14,9.2
Davis,3/14/2010,73,60.6,39.7,81,31,0,0.15,7.8
Davis,3/15/2010,74,66.5,34.7,92,42,0,0.11,2.3
Davis,3/16/2010,75,71.2,42.6,86,42,0,0.12,3.7
Davis,3/17/2010,76,71.1,47.9,84,39,0,0.11,4.4
Davis,3/18/2010,77,70.4,44.4,87,26,0,0.22,10.7
Davis,3/19/2010,78,78.6,47.3,65,18,0,0.19,6.9
Davis,3/20/2010,79,66.3,38.7,87,32,0,0.12,4.1
Davis,3/21/2010,80,69.4,40.7,89,40,0,0.11,4
Davis,3/22/2010,81,64.3,41.4,91,28,0,0.17,7.2
Davis,3/23/2010,82,71.7,46.4,66,23,0,0.21,10.5
Davis,3/24/2010,83,67.4,41.6,87,32,0.02,0.15,9
Davis,3/25/2010,84,60.9,41.6,87,55,0,0.09,6.7
Davis,3/26/2010,85,65.3,36.6,86,32,0,0.14,3.4
Davis,3/27/2010,86,69.1,41.9,77,29,0,0.15,4.7
Davis,3/28/2010,87,72.1,44.3,84,15,0,0.18,6.4
Davis,3/29/2010,88,65.1,50.5,89,56,0.05,0.1,11
Davis,3/30/2010,89,59.5,43,86,38,0,0.15,10.1
Davis,3/31/2010,90,56.8,39.5,89,42,0.13,0.11,5.9
Davis,4/1/2010,91,58.9,41.8,88,51,0,0.11,5
Davis,4/2/2010,92,55.1,38.1,92,70,0.17,0.03,8
Davis,4/3/2010,93,57.6,34,91,42,0,0.11,4.4
Davis,4/4/2010,94,53.8,38.5,92,58,0.86,0.04,7.6
Davis,4/5/2010,95,57.7,40.8,83,45,0,0.13,5.6
Davis,4/6/2010,96,62,33,92,34,0,0.17,6.4
Davis,4/7/2010,97,72.1,43.8,81,30,0,0.18,5.7
Davis,4/8/2010,98,69.6,41.3,90,35,0,0.18,6
Davis,4/9/2010,99,71.7,48.7,65,22,0,0.25,11.5
Davis,4/10/2010,100,60.3,46.2,80,53,0,0.13,9.7
Davis,4/11/2010,101,53.7,46.1,87,65,0.73,0.02,8
Davis,4/12/2010,102,56.7,45.4,91,72,0.41,0.05,8.5
Davis,4/13/2010,103,62.3,40.6,93,54,0,0.14,3.8
Davis,4/14/2010,104,61.6,42.5,89,45,0,0.15,6.1
Davis,4/15/2010,105,67.2,41.4,88,39,0,0.16,5.3
Davis,4/16/2010,106,70.1,48.1,83,36,0,0.18,4.8
Davis,4/17/2010,107,72.3,45.4,89,41,0,0.17,4
Davis,4/18/2010,108,78.4,45.7,92,29,0,0.2,4.4
Davis,4/19/2010,109,70.2,48.6,76,39,0,0.17,7.5
Davis,4/20/2010,110,59.8,42.8,88,54,0.43,0.1,6.6
Davis,4/21/2010,111,54.9,42.8,90,69,0.13,0.05,4.7
Davis,4/22/2010,112,64.9,41.9,92,53,0,0.15,4.6
Davis,4/23/2010,113,71.3,41.3,93,52,0,0.18,4
Davis,4/24/2010,114,77.3,43.9,92,38,0,0.19,3.9
Davis,4/25/2010,115,80.7,51.5,87,19,0,0.26,7
Davis,4/26/2010,116,77.4,46.8,83,21,0,0.19,6.5
Davis,4/27/2010,117,64,46.2,89,47,0.06,0.13,11
Davis,4/28/2010,118,56.8,38.6,86,61,0.18,0.11,7.2
Davis,4/29/2010,119,64.7,34.2,92,27,0,0.2,5.6
Davis,4/30/2010,120,71.3,45.7,69,19,0,0.28,11.6
Davis,5/1/2010,121,80.2,45.4,75,25,0,0.24,5.3
Davis,5/2/2010,122,81,49.2,78,12,0,0.35,12.3
Davis,5/3/2010,123,86,48.4,72,23,0,0.27,5.9
Davis,5/4/2010,124,78.5,46.9,83,11,0,0.29,8
Davis,5/5/2010,125,71.5,46.2,72,11,0,0.28,8.2
Davis,5/6/2010,126,73.9,49,41,12,0.02,0.35,14
Davis,5/7/2010,127,77.5,40.4,56,18,0,0.25,5.6
Davis,5/8/2010,128,75.1,46.1,75,28,0,0.23,6.7
Davis,5/9/2010,129,63.5,45.7,83,53,0,0.11,6.9
Davis,5/10/2010,130,59.7,40.1,81,56,0.11,0.09,9.3
Davis,5/11/2010,131,70.8,36.1,92,25,0,0.23,6.6
Davis,5/12/2010,132,79.1,46.3,72,15,0,0.26,6.6
Davis,5/13/2010,133,84,46,88,16,0,0.24,4.6
Davis,5/14/2010,134,80.9,47.3,85,29,0,0.23,4.5
Davis,5/15/2010,135,83.2,47.9,88,25,0,0.23,4.4
Davis,5/16/2010,136,77.5,49.6,81,34,0,0.21,7.4
Davis,5/17/2010,137,60.6,51.6,85,66,0.02,0.07,7.5
Davis,5/18/2010,138,71.8,48.2,90,44,0,0.18,5.7
Davis,5/19/2010,139,67.2,48.8,86,47,0,0.11,7.1
Davis,5/20/2010,140,74.5,44.5,86,18,0,0.25,7.4
Davis,5/21/2010,141,66.9,42.1,87,35,0,0.19,7.7
Davis,5/22/2010,142,63.5,36.5,76,29,0,0.18,5.2
Davis,5/23/2010,143,73.6,43.6,73,15,0,0.28,9.7
Davis,5/24/2010,144,64.6,48.6,75,45,0,0.2,7.7
Davis,5/25/2010,145,63.1,44.9,89,56,0.12,0.08,6.2
Davis,5/26/2010,146,67.9,50.1,90,31,0,0.23,7.6
Davis,5/27/2010,147,62,44.9,84,54,0.17,0.11,6.7
Davis,5/28/2010,148,67.9,40.9,90,35,0,0.19,5.5
Davis,5/29/2010,149,82.8,51.2,77,14,0,0.33,10
Davis,5/30/2010,150,87,47.2,74,16,0,0.28,5.1
Davis,5/31/2010,151,81.6,55.3,79,34,0,0.19,5.9
Davis,6/1/2010,152,79.3,53.5,86,42,0,0.24,5.7
Davis,6/2/2010,153,84,53.2,83,40,0,0.23,7
Davis,6/3/2010,154,83.8,59.9,81,36,0,0.24,7.5
Davis,6/4/2010,155,77.6,61.6,83,55,0,0.16,8.7
Davis,6/5/2010,156,89.2,56.8,90,26,0,0.27,5.4
Davis,6/6/2010,157,89.3,58.8,84,28,0,0.28,5.7
Davis,6/7/2010,158,85.8,55.7,85,33,0,0.25,5.6
Davis,6/8/2010,159,85.6,54.9,84,28,0,0.27,6.7
Davis,6/9/2010,160,77.9,52.2,76,28,0,0.25,8.8
Davis,6/10/2010,161,77.3,47.8,79,22,0,0.29,8
Davis,6/11/2010,162,84,61.4,37,19,0,0.46,18.1
Davis,6/12/2010,163,90.3,64.5,38,16,0,0.4,11.8
Davis,6/13/2010,164,95.1,63.5,57,14,0,0.36,7.9
Davis,6/14/2010,165,90.3,57.4,70,21,0,0.3,7
Davis,6/15/2010,166,81.2,52.3,75,30,0,0.27,6.2
Davis,6/16/2010,167,82,50.3,81,12,0,0.33,8.4
Davis,6/17/2010,168,84.5,49.2,81,17,0,0.28,5.6
Davis,6/18/2010,169,76.2,50.9,82,37,0,0.27,9
Davis,6/19/2010,170,74.5,48.6,83,39,0,0.25,8
Davis,6/20/2010,171,80.6,46.6,86,23,0,0.26,5.7
Davis,6/21/2010,172,87.6,57,68,17,0,0.31,6.9
Davis,6/22/2010,173,89.5,54,77,23,0,0.26,4.2
Davis,6/23/2010,174,88.8,57.4,78,26,0,0.26,4.9
Davis,6/24/2010,175,80.4,54.4,86,41,0,0.25,7.3
Davis,6/25/2010,176,82.2,53.7,84,38,0,0.23,5.8
Davis,6/26/2010,177,92.8,55.7,82,34,0,0.27,4.5
Davis,6/27/2010,178,100,57.3,78,18,0,0.29,4.1
Davis,6/28/2010,179,99.6,61.9,70,19,0,0.32,5.4
Davis,6/29/2010,180,97,57.6,77,17,0,0.3,5.4
Davis,6/30/2010,181,85.3,54.2,73,25,0,0.29,6.6
Davis,7/1/2010,182,83.6,49.5,89,32,0,0.25,5.2
Davis,7/2/2010,183,87.2,52.5,79,29,0,0.26,4.6
Davis,7/3/2010,184,91.3,59.5,69,16,0,0.36,9.1
Davis,7/4/2010,185,95.3,60.9,67,14,0,0.36,8.4
Davis,7/5/2010,186,92,54.8,76,25,0,0.28,5.6
Davis,7/6/2010,187,83.1,53.6,81,41,0,0.25,5.9
Davis,7/7/2010,188,86.1,51,83,34,0.06,0.25,5.3
Davis,7/8/2010,189,87.5,53.7,79,38,0,0.25,5.6
Davis,7/9/2010,190,87.5,53.9,89,40,0,0.26,5.9
Davis,7/10/2010,191,98,54.6,85,18,0,0.28,5.3
Davis,7/11/2010,192,94.6,54.8,82,25,0,0.27,4.6
Davis,7/12/2010,193,87.2,56.4,80,34,0,0.27,7.4
Davis,7/13/2010,194,84.7,,74,35,0,0.24,6.7
Davis,7/14/2010,195,91.4,56.4,75,18,0,0.27,4.3
Davis,7/15/2010,196,98.1,,65,22,0,0.29,5.2
Davis,7/16/2010,197,97.4,58.6,85,29,0,0.24,1.1
Davis,7/17/2010,198,93.2,56.9,78,32,0,0.23,1
Davis,7/18/2010,199,97.2,57.4,80,25,0,0.24,1
Davis,7/19/2010,200,94.3,55.4,81,26,0,0.26,3.4
Davis,7/20/2010,201,87,53.3,83,34,0,0.26,5.5
Davis,7/21/2010,202,79.2,53.1,87,44,0,0.24,6.1
Davis,7/22/2010,203,90.3,50.2,85,29,0,0.26,4.8
Davis,7/23/2010,204,91.7,54.2,80,31,0,0.26,4.4
Davis,7/24/2010,205,92.2,54.2,78,28,0,0.27,5.2
Davis,7/25/2010,206,87.5,53.7,79,36,0,0.26,6.1
Davis,7/26/2010,207,80.6,53.9,81,43,0,0.25,6.5
Davis,7/27/2010,208,81,52.6,83,38,0,0.24,5.5
Davis,7/28/2010,209,85.5,49.9,82,27,0,0.25,4.7
Davis,7/29/2010,210,88.6,49,89,20,0,0.25,4.4
Davis,7/30/2010,211,87.8,47.8,87,28,0,0.25,4.8
Davis,7/31/2010,212,86.1,51.5,86,29,0,0.24,4.5
Davis,8/1/2010,213,90.1,48.1,89,23,0,0.24,3.9
Davis,8/2/2010,214,87.7,51.9,86,27,0,0.24,4.7
Davis,8/3/2010,215,91.7,49.7,86,21,0,0.24,4
Davis,8/4/2010,216,87.4,54,84,31,0,0.25,5.6
Davis,8/5/2010,217,82.2,51.2,88,36,0,0.23,5
Davis,8/6/2010,218,87.6,48.2,93,30,0,0.24,4.8
Davis,8/7/2010,219,86.3,51.1,86,32,0,0.23,5.1
Davis,8/8/2010,220,79.3,54.8,85,45,0,0.23,7.2
Davis,8/9/2010,221,84.2,52.1,86,33,0,0.23,5.6
Davis,8/10/2010,222,82.8,50.1,88,40,0,0.24,7.1
Davis,8/11/2010,223,77.4,53,82,46,0,0.22,8
Davis,8/12/2010,224,87.4,48.7,87,30,0,0.23,3.8
Davis,8/13/2010,225,88.1,53.4,85,32,0,0.24,5.4
Davis,8/14/2010,226,84.5,51.5,83,34,0,0.23,5
Davis,8/15/2010,227,85.5,50.9,86,31,0,0.22,3.9
Davis,8/16/2010,228,92.1,51.1,84,25,0,0.25,5.3
Davis,8/17/2010,229,88.6,51.6,85,27,0,0.25,6.8
Davis,8/18/2010,230,84.3,48.1,87,24,0,0.22,5.1
Davis,8/19/2010,231,91.2,49.7,92,23,0,0.23,3.8
Davis,8/20/2010,232,87.4,52.6,85,25,0,0.24,6
Davis,8/21/2010,233,81.3,52.1,81,33,0,0.24,8.4
Davis,8/22/2010,234,84.3,49.1,85,24,0,0.22,4.9
Davis,8/23/2010,235,94.7,60.4,45,15,0,0.33,8.5
Davis,8/24/2010,236,102.6,58.8,63,12,0,0.27,4.2
Davis,8/25/2010,237,105.1,60.3,70,13,0,0.27,4.8
Davis,8/26/2010,238,91.3,58,78,29,0,0.24,7.4
Davis,8/27/2010,239,82.7,52.6,85,35,0,0.22,6.5
Davis,8/28/2010,240,76.2,54.9,71,33,0,0.16,6.1
Davis,8/29/2010,241,78.5,50.1,80,32,0,0.2,4.7
Davis,8/30/2010,242,79.8,50.3,81,28,0,0.2,4.6
Davis,8/31/2010,243,88.5,49.2,87,15,0,0.25,5.6
Davis,9/1/2010,244,94,58.6,79,20,0,0.25,5.3
Davis,9/2/2010,245,99.8,55.3,88,16,0,0.22,2.6
Davis,9/3/2010,246,96.1,55.4,77,13,0,0.23,4.3
Davis,9/4/2010,247,90.8,50.9,83,24,0,0.21,4.2
Davis,9/5/2010,248,91.1,52.7,82,13,0,0.27,6.5
Davis,9/6/2010,249,92.7,62.8,46,10,0,0.33,9.5
Davis,9/7/2010,250,83.3,56.9,63,33,0,0.23,8
Davis,9/8/2010,251,72.2,54.4,87,43,0,0.18,9.5
Davis,9/9/2010,252,74.6,53.1,88,41,0,0.14,3.2
Davis,9/10/2010,253,84,49.4,88,23,0,0.19,3.7
Davis,9/11/2010,254,88.5,50.2,81,21,0,0.19,3.3
Davis,9/12/2010,255,89.4,53.4,68,22,0,0.2,4
Davis,9/13/2010,256,81.1,50.1,80,31,0,0.17,4.7
Davis,9/14/2010,257,85.5,43.7,87,20,0,0.17,3.1
Davis,9/15/2010,258,85.2,48.2,88,25,0,0.18,3.8
Davis,9/16/2010,259,86.5,49.2,87,26,0,0.18,4.1
Davis,9/17/2010,260,85.5,59.2,88,36,0,0.17,5.3
Davis,9/18/2010,261,81.2,55.6,89,38,0,0.18,5.7
Davis,9/19/2010,262,76.4,55.5,87,54,0,0.12,6
Davis,9/20/2010,263,83.1,50.9,89,29,0,0.17,4.4
Davis,9/21/2010,264,76.2,51.5,85,41,0,0.17,6.4
Davis,9/22/2010,265,75.3,47.7,83,39,0,0.15,5.1
Davis,9/23/2010,266,83.6,48.4,87,27,0,0.15,3.1
Davis,9/24/2010,267,88.4,51.3,79,19,0,0.19,3.9
Davis,9/25/2010,268,93.2,50.9,68,15,0,0.18,3
Davis,9/26/2010,269,96.1,54.6,58,11,0,0.22,4.4
Davis,9/27/2010,270,96.6,52.9,57,14,0,0.2,3.6
Davis,9/28/2010,271,99.8,59.2,50,13,0,0.21,4.1
Davis,9/29/2010,272,102,65.7,55,11,0,0.22,5
Davis,9/30/2010,273,92,56.4,70,22,0,0.17,4.3
Davis,10/1/2010,274,88.6,52.7,80,26,0,0.15,3.9
Davis,10/2/2010,275,89.4,53.7,81,16,0,0.16,5
Davis,10/3/2010,276,77.9,53.5,80,36,0,0.16,9.1
Davis,10/4/2010,277,68.6,48.6,86,51,0,0.12,4.6
Davis,10/5/2010,278,74.6,57.2,72,33,0,0.16,7.3
Davis,10/6/2010,279,75.9,50.1,80,29,0,0.14,4.7
Davis,10/7/2010,280,73.2,50.9,82,37,0,0.14,5.7
Davis,10/8/2010,281,78.1,44.8,83,30,0,0.12,2.8
Davis,10/9/2010,282,84.6,49.2,73,22,0,0.15,3.8
Davis,10/10/2010,283,88.6,52.8,80,29,0,0.14,2.5
Davis,10/11/2010,284,90,56.7,72,10,0,0.33,13.6
Davis,10/12/2010,285,90,57.3,31,12,0,0.27,9.3
Davis,10/13/2010,286,91.4,53.3,77,17,0,0.16,3.7
Davis,10/14/2010,287,93.5,52.7,80,19,0,0.13,1.6
Davis,10/15/2010,288,90.5,55.9,62,22,0,0.15,3.1
Davis,10/16/2010,289,82.3,52.6,75,19,0,0.14,4.7
Davis,10/17/2010,290,62.3,53.2,88,51,0,0.02,3.7
Davis,10/18/2010,291,75,32,92,37,0,0.1,3.6
Davis,10/19/2010,292,80.9,45.6,89,31,0,0.11,3.1
Davis,10/20/2010,293,76,48,85,36,0,0.1,4.8
Davis,10/21/2010,294,69,49.4,79,41,0,0.1,5.6
Davis,10/22/2010,295,63.4,51.7,89,68,0.04,0.04,4.5
Davis,10/23/2010,296,61.5,51.5,90,61,0.11,0.02,6
Davis,10/24/2010,297,64.3,54.5,92,71,0.59,0.01,11.1
Davis,10/25/2010,298,65,48.3,86,43,0,0.09,4.2
Davis,10/26/2010,299,64.9,41.7,89,35,0,0.1,4.7
Davis,10/27/2010,300,62.9,39.8,71,41,0,0.08,4.7
Davis,10/28/2010,301,64,48.4,80,53,0,0.09,6.4
Davis,10/29/2010,302,59.9,51,86,68,0.01,0.04,7.8
Davis,10/30/2010,303,61.1,50.3,91,72,0.07,0.03,4.6
Davis,10/31/2010,304,68.4,47.7,93,48,0,0.07,2.4
Davis,11/1/2010,305,72.9,47.7,90,43,0,0.09,2.8
Davis,11/2/2010,306,74.4,45.9,92,42,0,0.09,2.9
Davis,11/3/2010,307,78,49.1,88,41,0,0.09,3.2
Davis,11/4/2010,308,78.5,50.6,85,41,0,0.08,2.4
Davis,11/5/2010,309,77.8,49,87,39,0,0.08,2.3
Davis,11/6/2010,310,71.9,48.6,89,48,0,0.1,6.8
Davis,11/7/2010,311,61.1,48.5,91,66,0.34,0.03,7.9
Davis,11/8/2010,312,60.5,37.6,92,46,0,0.07,2.7
Davis,11/9/2010,313,60.6,37.2,90,40,0.02,0.07,5.1
Davis,11/10/2010,314,60.4,42.8,90,46,0,0.08,6.4
Davis,11/11/2010,315,64.9,39,78,28,0,0.11,8.2
Davis,11/12/2010,316,65.3,33.2,90,37,0,0.09,4.5
Davis,11/13/2010,317,71.9,50.9,43,22,0,0.2,13.9
Davis,11/14/2010,318,78.9,54.2,63,33,0,0.18,12
Davis,11/15/2010,319,78.5,59.1,54,28,0,0.2,12.6
Davis,11/16/2010,320,72.9,45.8,84,23,0,0.13,6.9
Davis,11/17/2010,321,68.9,38.8,74,27,0,0.07,2.4
Davis,11/18/2010,322,64.6,43,85,42,0,0.08,6
Davis,11/19/2010,323,57.1,43.3,88,68,0.53,0.03,5.7
Davis,11/20/2010,324,52.3,41.5,90,74,0.82,0.03,9.2
Davis,11/21/2010,325,55.9,39.7,83,51,0,0.06,7.3
Davis,11/22/2010,326,54.9,42.2,86,72,0.02,0.05,7.3
Davis,11/23/2010,327,57,35.9,91,43,0.05,0.07,8.7
Davis,11/24/2010,328,48.7,32.1,63,31,0,0.09,9.7
Davis,11/25/2010,329,51.4,31.4,83,38,0,0.06,4.3
Davis,11/26/2010,330,51.8,29.6,82,46,0,0.05,3
Davis,11/27/2010,331,50.1,37.2,90,72,0.22,0.01,6
Davis,11/28/2010,332,50.4,30.1,93,52,0,0.05,3.4
Davis,11/29/2010,333,50.9,32.9,88,45,0,0.06,5
Davis,11/30/2010,334,50.6,30.9,90,62,0,0.03,2.6
Davis,12/1/2010,335,54.6,32.1,91,49,0,0.05,2.8
Davis,12/2/2010,336,50.9,35.3,91,68,0.17,0.01,2.8
Davis,12/3/2010,337,52.1,44.3,91,78,0.05,0.03,6.1
Davis,12/4/2010,338,57,44.5,93,76,0.01,0.02,3
Davis,12/5/2010,339,54.6,49.5,93,87,0.37,0.01,4.4
Davis,12/6/2010,340,63.2,45,91,50,0.09,0.06,6.9
Davis,12/7/2010,341,60.5,40.3,92,66,0,0.04,2.2
Davis,12/8/2010,342,53.6,47.8,92,88,0.38,0,3.5
Davis,12/9/2010,343,61.6,50.7,93,75,0.04,0.03,3.9
Davis,12/10/2010,344,63.2,52.6,93,82,0,0.03,5.5
Davis,12/11/2010,345,60.6,50.1,94,82,0,0.01,2.1
Davis,12/12/2010,346,58.5,50.2,94,76,0,0.01,1.7
Davis,12/13/2010,347,55.5,51.9,91,79,0,0,2.9
Davis,12/14/2010,348,55.4,46.6,93,63,0.15,0.01,7.3
Davis,12/15/2010,349,53.1,36,93,66,0,0.03,4.3
Davis,12/16/2010,350,45.8,32,93,74,0,0.03,2.5
Davis,12/17/2010,351,50,40.2,94,92,0.58,0,6.7
Davis,12/18/2010,352,55.9,49.5,93,83,0.46,0.01,9.6
Davis,12/19/2010,353,56,44.4,94,72,1.11,0.02,8.9
Davis,12/20/2010,354,50.9,44,91,79,0.22,0.01,6.2
Davis,12/21/2010,355,52.5,44.2,92,78,0.24,0.03,5.4
Davis,12/22/2010,356,55.3,45.1,93,80,0.28,0.01,2.6
Davis,12/23/2010,357,55.8,40.6,94,62,0,0.03,1.9
Davis,12/24/2010,358,50.1,38.8,94,88,0,0.01,2.6
Davis,12/25/2010,359,48.4,43.9,94,90,0.56,0,4.7
Davis,12/26/2010,360,57,42.5,92,64,0.01,0.04,6.9
Davis,12/27/2010,361,52.6,40.1,94,76,0,0.02,3.7
Davis,12/28/2010,362,50.1,43.6,93,86,0.4,0.01,7.3
Davis,12/29/2010,363,55,35.9,93,43,0.02,0.08,10.7
Davis,12/30/2010,364,50.9,29,89,44,0,0.05,2.9
Davis,12/31/2010,365,45.1,28.9,91,57,0,0.04,3.1
Davis,1/1/2011,1,42.4,34.3,92,69,0.42,0,6.8
Davis,1/2/2011,2,46.8,37.9,93,91,0.71,0,6.7
Davis,1/3/2011,3,48.2,33,94,77,0,0.04,3.3
Davis,1/4/2011,4,51.6,30.8,94,65,0,0.05,3.1
Davis,1/5/2011,5,51.7,30.1,93,59,0.01,0.05,3.7
Davis,1/6/2011,6,41.1,31.8,94,85,0.01,0.01,2.8
Davis,1/7/2011,7,38,36.1,90,88,0,0,2.8
Davis,1/8/2011,8,36.7,34.9,92,85,0,0,2.9
Davis,1/9/2011,9,43.5,29.6,92,57,0,0.04,3.8
Davis,1/10/2011,10,44.1,25.6,93,57,0,0.04,2.1
Davis,1/11/2011,11,42.5,35.1,86,72,0,0.02,4.9
Davis,1/12/2011,12,50.6,37.9,93,71,0,0.04,5.8
Davis,1/13/2011,13,49.7,35.7,94,88,0.09,0.01,5.1
Davis,1/14/2011,14,60.7,42.6,93,60,0,0.06,6.7
Davis,1/15/2011,15,45.1,36.7,95,93,0,0.01,2.8
Davis,1/16/2011,16,46.2,41.7,97,94,0.01,0,2.5
Davis,1/17/2011,17,46,42.9,97,96,0,0,2.6
Davis,1/18/2011,18,55.7,40.8,97,59,0,0.05,3.4
Davis,1/19/2011,19,59.7,39.1,95,45,0,0.08,10.8
Davis,1/20/2011,20,58.8,33.1,97,42,0,0.06,3.1
Davis,1/21/2011,21,61.1,31.6,95,47,0,0.06,2.2
Davis,1/22/2011,22,67.3,36.1,95,30,0,0.13,8.7
Davis,1/23/2011,23,57.6,33.7,97,45,0,0.04,3.1
Davis,1/24/2011,24,62.7,32,94,42,0,0.06,2
Davis,1/25/2011,25,60.1,33.3,97,48,0,0.06,2.9
Davis,1/26/2011,26,51.1,34.8,98,81,0.01,0.03,3
Davis,1/27/2011,27,43.4,33,97,96,0.01,0.01,2.1
Davis,1/28/2011,28,39.6,34.5,98,97,0.01,0.01,2.5
Davis,1/29/2011,29,45.8,37.4,99,97,0.1,0.01,4.4
Davis,1/30/2011,30,47.4,37.3,98,88,0.3,0.01,6.1
Davis,1/31/2011,31,56.7,30.9,95,63,0,0.06,3.2
Davis,2/1/2011,32,58.1,30.9,97,30,0,0.13,10.8
Davis,2/2/2011,33,57.2,35.3,78,25,0,0.11,8.3
Davis,2/3/2011,34,56.9,27.4,95,39,0,0.06,2
Davis,2/4/2011,35,61.4,30.6,92,46,0,0.06,2.3
Davis,2/5/2011,36,70.7,32.8,96,36,0,0.13,8.7
Davis,2/6/2011,37,70.1,44.5,85,29,0,0.17,11.8
Davis,2/7/2011,38,66,36,95,26,0,0.1,4.9
Davis,2/8/2011,39,54.2,43.4,39,28,0,0.21,20.7
Davis,2/9/2011,40,55.9,40,53,28,0,0.13,10
Davis,2/10/2011,41,63.8,32.8,76,22,0,0.08,3
Davis,2/11/2011,42,64.1,31.4,82,34,0,0.08,2.3
Davis,2/12/2011,43,65.5,32.3,87,35,0,0.09,3
Davis,2/13/2011,44,66.1,30.9,93,35,0,0.09,3.9
Davis,2/14/2011,45,55.7,44.8,86,62,0.02,0.04,10.2
Davis,2/15/2011,46,62.3,49.3,91,51,0.15,0.09,12.4
Davis,2/16/2011,47,51.6,39.2,91,58,0.3,0.07,9.1
Davis,2/17/2011,48,47.2,39.1,90,80,0.83,0.01,9.7
Davis,2/18/2011,49,41.8,32,95,86,0.53,0,10.5
Davis,2/19/2011,50,47.4,35.3,92,74,0.1,0.03,5.7
Davis,2/20/2011,51,53.4,30.1,93,51,0,0.08,3.1
Davis,2/21/2011,52,52.3,33.7,93,46,0,0.07,4.1
Davis,2/22/2011,53,58.3,32,90,43,0,0.09,3.9
Davis,2/23/2011,54,56.8,34.2,94,42,0,0.08,5
Davis,2/24/2011,55,48.8,34.9,93,72,0.4,0.01,6.1
Davis,2/25/2011,56,51.9,31.4,92,42,0.52,0.08,9.1
Davis,2/26/2011,57,48.3,29.2,91,40,0.18,0.1,6.7
Davis,2/27/2011,58,53.6,28.9,88,45,0,0.1,4.6
Davis,2/28/2011,59,56.8,31.4,92,44,0,0.1,4.4
Davis,3/1/2011,60,58,31.9,93,50,0.01,0.1,3.8
Davis,3/2/2011,61,57.7,45.2,90,80,0.3,0.04,10.3
Davis,3/3/2011,62,63,42.5,92,43,0,0.11,5
Davis,3/4/2011,63,61.2,41.3,88,53,0,0.09,4.8
Davis,3/5/2011,64,67.2,41.9,92,47,0.04,0.07,2.6
Davis,3/6/2011,65,55.7,49.6,94,87,0.7,0.01,3.9
Davis,3/7/2011,66,59.8,45.1,95,41,0,0.11,6.9
Davis,3/8/2011,67,66.1,43.1,95,54,0,0.1,3.8
Davis,3/9/2011,68,61.1,45.7,93,68,0,0.07,3.1
Davis,3/10/2011,69,60.7,45.5,90,71,0,0.07,8.4
Davis,3/11/2011,70,61.7,36.4,94,37,0,0.11,3.3
Davis,3/12/2011,71,63.7,42.9,90,39,0,0.11,3.5
Davis,3/13/2011,72,62.6,46.8,94,63,0.1,0.04,6.4
Davis,3/14/2011,73,64.9,52.6,94,75,0.13,0.04,4.2
Davis,3/15/2011,74,58.4,52.5,93,87,0.06,0.01,7.6
Davis,3/16/2011,75,60,32,92,44,0,0.09,4.2
Davis,3/17/2011,76,59.6,34.2,90,46,0,0.12,5
Davis,3/18/2011,77,51.9,41.4,91,74,0.61,0.02,8.4
Davis,3/19/2011,78,48.9,40.4,91,77,0.67,0.02,10.7
Davis,3/20/2011,79,50.3,43.4,91,83,0.65,0.03,8.9
Davis,3/21/2011,80,59.2,37.7,94,50,0,0.12,5.8
Davis,3/22/2011,81,58.3,39.4,89,46,0.07,0.1,5
Davis,3/23/2011,82,55.5,45.8,89,66,0.36,0.07,10.8
Davis,3/24/2011,83,47.6,42,91,79,1.33,0.01,11.1
Davis,3/25/2011,84,55.7,42.5,90,62,0.19,0.07,8.1
Davis,3/26/2011,85,55.9,40.6,91,64,0.26,0.05,9.2
Davis,3/27/2011,86,56.4,39.4,90,63,0,0.07,7.6
Davis,3/28/2011,87,60.7,37.3,92,43,0,0.15,5.9
Davis,3/29/2011,88,69.3,40.8,92,33,0,0.15,3.7
Davis,3/30/2011,89,78.2,51.2,75,34,0,0.22,9.9
Davis,3/31/2011,90,77.3,49.3,89,33,0,0.19,4.7
Davis,4/1/2011,91,80.5,48.5,92,27,0,0.16,3.6
Davis,4/2/2011,92,71,53.4,84,28,0,0.2,8.4
Davis,4/3/2011,93,66.6,47.7,37,21,0,0.26,13
Davis,4/4/2011,94,73.9,43.6,67,23,0,0.19,4
Davis,4/5/2011,95,71.3,47.9,85,44,0,0.13,4.6
Davis,4/6/2011,96,73.2,43.9,86,24,0,0.2,6.6
Davis,4/7/2011,97,56.6,36.6,82,31,0,0.13,7.9
Davis,4/8/2011,98,57.7,31.5,90,32,0,0.14,3.3
Davis,4/9/2011,99,65.7,34.4,78,29,0,0.17,6.2
Davis,4/10/2011,100,65.2,39.7,88,32,0,0.18,7.6
Davis,4/11/2011,101,68.1,42.1,82,39,0,0.16,4.3
Davis,4/12/2011,102,66.5,36.7,89,39,0,0.18,5.8
Davis,4/13/2011,103,62.5,41.6,77,30,0,0.16,7.1
Davis,4/14/2011,104,64.5,36.7,89,28,0,0.15,3.3
Davis,4/15/2011,105,72,45.5,85,40,0,0.14,3.5
Davis,4/16/2011,106,77.2,48.3,81,46,0,0.18,4.5
Davis,4/17/2011,107,76.8,51.3,88,49,0,0.19,7.2
Davis,4/18/2011,108,66.2,51.1,88,62,0,0.11,7
Davis,4/19/2011,109,70.9,44.7,94,49,0,0.14,5.1
Davis,4/20/2011,110,66.9,51.4,89,43,0.03,0.15,10.3
Davis,4/21/2011,111,67.7,46.4,90,37,0.01,0.16,5.7
Davis,4/22/2011,112,66.7,44.3,84,32,0,0.14,6
Davis,4/23/2011,113,65,45.6,83,33,0,0.14,6.1
Davis,4/24/2011,114,71.6,50.3,86,31,0,0.17,8.2
Davis,4/25/2011,115,68.1,45.3,84,47,0.03,0.19,9.4
Davis,4/26/2011,116,70.8,39.4,75,14,0,0.22,5.8
Davis,4/27/2011,117,73,41.9,82,30,0,0.2,4.8
Davis,4/28/2011,118,73,45.2,68,24,0,0.24,8.9
Davis,4/29/2011,119,68,41.8,58,13,0,0.33,14.3
Davis,4/30/2011,120,74.2,49.2,36,11,0,0.35,14.5
Davis,5/1/2011,121,80.8,47.2,48,10,0,0.28,7.1
Davis,5/2/2011,122,81.4,49.1,62,9,0,0.29,8
Davis,5/3/2011,123,80.7,44.7,77,14,0,0.3,8.7
Davis,5/4/2011,124,87.6,58.8,48,11,0,0.36,10.5
Davis,5/5/2011,125,89.5,49.6,66,17,0,0.25,3.8
Davis,5/6/2011,126,79.2,50.9,71,29,0,0.25,6.9
Davis,5/7/2011,127,76,48.1,75,34,0,0.23,8.6
Davis,5/8/2011,128,66.4,48.4,73,40,0,0.16,7.4
Davis,5/9/2011,129,71.7,46.1,83,18,0,0.29,9.6
Davis,5/10/2011,130,81,45.9,68,15,0,0.26,6.6
Davis,5/11/2011,131,73.1,49.5,79,42,0,0.23,10
Davis,5/12/2011,132,78.5,32,85,28,0,0.24,8.4
Davis,5/13/2011,133,81.4,46,81,15,0,0.26,7.3
Davis,5/14/2011,134,61.3,46.9,79,41,0.01,0.17,9.7
Davis,5/15/2011,135,58.2,43.6,83,45,0.12,0.12,8
Davis,5/16/2011,136,60.2,41.1,90,44,0.21,0.1,4.9
Davis,5/17/2011,137,59.3,48.3,92,65,0.32,0.07,9.9
Davis,5/18/2011,138,69.3,49.2,92,37,0,0.18,5.2
Davis,5/19/2011,139,79.4,47.4,89,18,0,0.27,7.6
Davis,5/20/2011,140,79.9,49.4,87,28,0,0.24,5.7
Davis,5/21/2011,141,77.3,50.8,83,40,0,0.23,5.7
Davis,5/22/2011,142,75.8,48.9,87,41,0,0.19,5.9
Davis,5/23/2011,143,73.4,46.1,83,40,0,0.22,5.9
Davis,5/24/2011,144,74,44.8,82,35,0,0.23,6.1
Davis,5/25/2011,145,63.6,49.4,89,45,0.15,0.1,8.5
Davis,5/26/2011,146,69.5,43.3,86,34,0,0.19,4
Davis,5/27/2011,147,70.2,47.4,80,45,0,0.17,6.4
Davis,5/28/2011,148,66.5,42.7,87,37,0.06,0.11,5.4
Davis,5/29/2011,149,72.9,38.9,88,21,0,0.25,6.7
Davis,5/30/2011,150,66,48.5,79,38,0,0.22,10.1
Davis,5/31/2011,151,62.2,51.1,74,57,0.01,0.11,7.7
Davis,6/1/2011,152,61,44.1,86,53,0.22,0.12,6.7
Davis,6/2/2011,153,67.9,44.2,87,42,0,0.16,3.8
Davis,6/3/2011,154,64,43.6,89,52,0,0.08,5.1
Davis,6/4/2011,155,65.1,53.2,91,63,0.34,0.07,6.2
Davis,6/5/2011,156,68.8,55.6,92,62,0.16,0.11,4.8
Davis,6/6/2011,157,61.8,49.8,91,70,0,0.1,8.2
Davis,6/7/2011,158,77.2,48.4,93,47,0,0.22,4.9
Davis,6/8/2011,159,79.4,,88,40,0,0.23,5.5
Davis,6/9/2011,160,84.6,49.6,89,34,0,0.25,4.7
Davis,6/10/2011,161,83.3,53.6,86,39,0,0.25,5.9
Davis,6/11/2011,162,76,51.5,80,42,0,0.23,7.7
Davis,6/12/2011,163,84.3,49.2,88,41,0,0.24,4.9
Davis,6/13/2011,164,88.6,54.2,82,30,0,0.25,3.8
Davis,6/14/2011,165,95.3,57.4,82,18,0,0.3,5.2
Davis,6/15/2011,166,95,61.5,82,11,0,0.36,7.9
Davis,6/16/2011,167,87.1,58.4,71,15,0,0.35,8.8
Davis,6/17/2011,168,89.9,52.3,87,17,0,0.27,4.6
Davis,6/18/2011,169,85,51.3,85,32,0,0.23,4.4
Davis,6/19/2011,170,89.9,55.6,84,16,0,0.4,11.4
Davis,6/20/2011,171,95.3,70.6,56,17,0,0.35,7.3
Davis,6/21/2011,172,100.3,62.6,75,18,0,0.29,3.9
Davis,6/22/2011,173,95.9,58.7,83,26,0,0.29,5.2
Davis,6/23/2011,174,87,54.9,81,31,0,0.27,5.4
Davis,6/24/2011,175,85.1,51,84,31,0,0.26,4.7
Davis,6/25/2011,176,83.7,52.5,83,36,0,0.25,4.7
Davis,6/26/2011,177,89,52.7,83,30,0,0.25,4.2
Davis,6/27/2011,178,84.2,,83,37,0,0.27,9
Davis,6/28/2011,179,61.5,55.3,92,70,0.84,0.03,6.8
Davis,6/29/2011,180,72.2,51.5,88,48,0.01,0.17,4.5
Davis,6/30/2011,181,83.4,52.2,92,39,0,0.24,2.9
Davis,7/1/2011,182,94,58.5,92,24,0,0.29,4.8
Davis,7/2/2011,183,97.2,59.7,81,19,0,0.27,3.3
Davis,7/3/2011,184,98.7,63.7,83,21,0,0.33,7
Davis,7/4/2011,185,98.8,62.3,81,22,0,0.29,4.2
Davis,7/5/2011,186,99,60.5,82,20,0,0.29,3.9
Davis,7/6/2011,187,94.5,60.5,81,24,0,0.28,4.7
Davis,7/7/2011,188,92.8,58.6,76,25,0,0.28,5
Davis,7/8/2011,189,94.2,55.1,86,24,0,0.28,4.1
Davis,7/9/2011,190,85.2,55.6,82,41,0,0.26,5.7
Davis,7/10/2011,191,85.9,52.7,85,37,0,0.25,5.1
Davis,7/11/2011,192,78.2,54.2,80,44,0,0.25,7
Davis,7/12/2011,193,81.5,53,85,44,0,0.24,6.6
Davis,7/13/2011,194,76.9,55.9,84,47,0,0.25,8.2
Davis,7/14/2011,195,77.5,51.7,85,44,0,0.22,6.2
Davis,7/15/2011,196,78.9,50.5,88,38,0,0.24,6.2
Davis,7/16/2011,197,80,52.7,85,44,0,0.24,6.2
Davis,7/17/2011,198,79.8,56.2,84,28,0,0.26,7.9
Davis,7/18/2011,199,82.4,53.6,78,41,0,0.25,5.9
Davis,7/19/2011,200,87.4,55,89,22,0,0.24,3.6
Davis,7/20/2011,201,92.2,56.1,85,26,0,0.27,4.3
Davis,7/21/2011,202,93.3,58,81,23,0,0.26,4
Davis,7/22/2011,203,90.4,59.2,81,30,0,0.25,4.3
Davis,7/23/2011,204,87,55.6,85,37,0,0.25,5.5
Davis,7/24/2011,205,86.4,55.4,82,25,0,0.26,5.9
Davis,7/25/2011,206,85.7,52.7,86,35,0,0.24,4.6
Davis,7/26/2011,207,89.2,53.7,85,29,0,0.23,3.8
Davis,7/27/2011,208,92.7,52.5,87,18,0,0.25,3.6
Davis,7/28/2011,209,93.8,55.1,84,22,0,0.26,4.2
Davis,7/29/2011,210,89.5,57,79,34,0,0.24,4.4
Davis,7/30/2011,211,85.8,57.9,79,44,0,0.23,5.2
Davis,7/31/2011,212,83.9,56.2,85,43,0,0.23,5.6
Davis,8/1/2011,213,87.5,53.4,86,31,0,0.21,4.3
Davis,8/2/2011,214,92.2,52.5,81,20,0,0.24,3.5
Davis,8/3/2011,215,88.8,53.1,83,26,0,0.25,5.7
Davis,8/4/2011,216,80.3,54.6,86,47,0.6,0.22,5.8
Davis,8/5/2011,217,87.5,49.8,93,28,0.01,0.22,3.7
Davis,8/6/2011,218,85.2,52.7,88,38,0,0.23,4.7
Davis,8/7/2011,219,83.4,53.9,88,39,0,0.22,4.6
Davis,8/8/2011,220,87.5,50.4,89,34,0,0.23,3.9
Davis,8/9/2011,221,91.9,49.2,87,23,0,0.23,3.8
Davis,8/10/2011,222,89.2,55.1,84,30,0,0.23,4
Davis,8/11/2011,223,85.8,,86,39,0,0.23,5.6
Davis,8/12/2011,224,88.3,48.6,92,31,0,0.21,3.6
Davis,8/13/2011,225,91.5,54,84,25,0,0.24,4
Davis,8/14/2011,226,90.3,54.8,82,26,0,0.25,4.7
Davis,8/15/2011,227,88.6,54,82,25,0,0.23,3.6
Davis,8/16/2011,228,90.4,51.3,86,24,0,0.23,3.6
Davis,8/17/2011,229,90.2,51.1,87,26,0,0.22,3.7
Davis,8/18/2011,230,89.9,52.7,85,27,0,0.23,4.2
Davis,8/19/2011,231,80.9,50.3,90,44,0,0.21,4.8
Davis,8/20/2011,232,81.5,50.1,88,44,0,0.21,5.5
Davis,8/21/2011,233,82.4,50.4,89,36,0,0.2,4.4
Davis,8/22/2011,234,,,100,0,0,0.22,1
Davis,8/23/2011,235,93.5,66.8,83,23,0,0.23,3.7
Davis,8/24/2011,236,94.9,59.6,74,21,0,0.26,4.8
Davis,8/25/2011,237,91.6,56.5,89,26,0,0.22,3.7
Davis,8/26/2011,238,94,55,91,27,0,0.23,4.1
Davis,8/27/2011,239,92,53.5,88,20,0,0.23,3.6
Davis,8/28/2011,240,93.9,48.1,90,24,0,0.23,3.4
Davis,8/29/2011,241,91,49.2,91,33,0,0.22,3.8
Davis,8/30/2011,242,84.7,49.1,93,38,0,0.21,4.5
Davis,8/31/2011,243,84.7,49.9,93,41,0,0.2,4.4
Davis,9/1/2011,244,91.9,54.9,89,26,0,0.23,4.8
Davis,9/2/2011,245,95.7,59,74,17,0,0.24,3.8
Davis,9/3/2011,246,93.2,53,83,29,0,0.21,3.7
Davis,9/4/2011,247,89.4,52.4,87,32,0,0.2,4.1
Davis,9/5/2011,248,88.3,49,87,30,0,0.2,3.7
Davis,9/6/2011,249,96.2,51.9,86,22,0,0.22,3.2
Davis,9/7/2011,250,97.5,52.3,73,20,0,0.22,3.3
Davis,9/8/2011,251,95.7,53,72,24,0,0.21,3.7
Davis,9/9/2011,252,101.4,56.4,82,19,0,0.22,4
Davis,9/10/2011,253,94.6,64.1,63,26,0,0.24,5.9
Davis,9/11/2011,254,82.5,61.2,75,45,0,0.19,7.2
Davis,9/12/2011,255,87.5,58.9,81,41,0,0.14,3.5
Davis,9/13/2011,256,93.7,57.5,83,32,0,0.19,3.5
Davis,9/14/2011,257,85.6,58,87,39,0,0.18,4.9
Davis,9/15/2011,258,79.4,55.2,88,43,0,0.19,7.6
Davis,9/16/2011,259,81.1,50.3,92,40,0,0.17,5
Davis,9/17/2011,260,86.2,50.8,91,35,0,0.17,3.2
Davis,9/18/2011,261,92.5,52.7,83,21,0,0.19,3.4
Davis,9/19/2011,262,93.7,54.3,77,25,0,0.19,3
Davis,9/20/2011,263,98.7,58.4,76,21,0,0.19,3
Davis,9/21/2011,264,99.2,60,70,17,0,0.2,3.5
Davis,9/22/2011,265,99.5,55.2,80,20,0,0.19,2.8
Davis,9/23/2011,266,98,58.5,81,23,0,0.19,3.6
Davis,9/24/2011,267,88.1,59.3,75,36,0,0.19,8.4
Davis,9/25/2011,268,72.6,52.3,87,60,0.01,0.08,5.8
Davis,9/26/2011,269,82.9,51.6,95,38,0,0.15,3.3
Davis,9/27/2011,270,88.2,51.6,81,28,0,0.16,2.9
Davis,9/28/2011,271,92.9,58.4,78,28,0,0.17,2.7
Davis,9/29/2011,272,96.8,65.1,76,26,0,0.18,5.6
Davis,9/30/2011,273,81.2,58.2,80,40,0,0.16,5.9
Davis,10/1/2011,274,75.6,56.5,87,45,0,0.12,5.7
Davis,10/2/2011,275,76.7,50.3,92,39,0,0.14,4.6
Davis,10/3/2011,276,68.9,45.7,92,48,0.2,0.06,4.1
Davis,10/4/2011,277,65.9,53.6,95,63,0.07,0.06,6.9
Davis,10/5/2011,278,65.7,46.8,93,48,0.34,0.09,6.4
Davis,10/6/2011,279,61.5,44.6,94,67,0.24,0.06,4.1
Davis,10/7/2011,280,53.8,49.6,96,36,0,0.13,1.8
Davis,10/8/2011,281,76.6,43.9,96,38,0,0.12,2.4
Davis,10/9/2011,282,77.3,46.9,97,43,0,0.12,2.6
Davis,10/10/2011,283,65.6,57.7,95,85,0.22,0.01,7
Davis,10/11/2011,284,76.9,59.3,96,51,0,0.12,5
Davis,10/12/2011,285,80.7,52.5,93,31,0,0.14,4.1
Davis,10/13/2011,286,82.7,50.3,93,33,0,0.13,3.1
Davis,10/14/2011,287,84.7,53.1,84,37,0,0.13,2.8
Davis,10/15/2011,288,85.4,57.5,88,42,0,0.12,3.9
Davis,10/16/2011,289,79,55.9,91,46,0,0.12,3.7
Davis,10/17/2011,290,86.7,55.5,91,32,0,0.15,4.8
Davis,10/18/2011,291,85.6,51.5,85,37,0,0.12,4
Davis,10/19/2011,292,77.3,50.9,93,52,0,0.1,4.2
Davis,10/20/2011,293,80,48.4,96,48,0,0.11,2.9
Davis,10/21/2011,294,80.7,49.1,96,35,0,0.12,3.6
Davis,10/22/2011,295,81.8,48.6,89,34,0,0.12,3.6
Davis,10/23/2011,296,81.9,48.2,82,36,0,0.11,3.2
Davis,10/24/2011,297,78,49.7,90,45,0.01,0.1,3.4
Davis,10/25/2011,298,75.5,45.1,97,21,0,0.18,8.6
Davis,10/26/2011,299,73.3,42.5,48,14,0,0.23,11.6
Davis,10/27/2011,300,71.9,37.8,68,25,0,0.11,3.6
Davis,10/28/2011,301,75.7,39.6,59,21,0,0.11,2.9
Davis,10/29/2011,302,81.4,42.7,63,19,0,0.15,5.3
Davis,10/30/2011,303,79.5,43.3,78,30,0,0.1,2.4
Davis,10/31/2011,304,80.3,46.6,78,37,0,0.11,4
Davis,11/1/2011,305,71.5,58.6,32,14,0,0.32,20.5
Davis,11/2/2011,306,71.5,46,53,14,0,0.16,7.4
Davis,11/3/2011,307,64.6,41.3,73,26,0.01,0.09,7.7
Davis,11/4/2011,308,58.3,31,92,40,0,0.08,4.8
Davis,11/5/2011,309,57.3,31.5,90,44,0.37,0.04,5
Davis,11/6/2011,310,56.3,43.3,95,61,0.03,0.06,4.3
Davis,11/7/2011,311,60.1,38.6,92,43,0,0.08,4.8
Davis,11/8/2011,312,58.8,31.2,97,54,0.01,0.07,2.9
Davis,11/9/2011,313,61.1,34.4,94,47,0,0.07,3.5
Davis,11/10/2011,314,64.5,37.3,85,36,0,0.08,4
Davis,11/11/2011,315,55.2,38.6,94,50,0.04,0.03,4.1
Davis,11/12/2011,316,63.7,46.7,96,53,0,0.07,4.8
Davis,11/13/2011,317,66.6,42.7,95,44,0,0.08,5.4
Davis,11/14/2011,318,65.6,43,95,53,0,0.06,5.2
Davis,11/15/2011,319,67.3,36.2,96,34,0,0.08,3.8
Davis,11/16/2011,320,69.7,38.3,91,41,0,0.07,2.1
Davis,11/17/2011,321,67.6,42.1,96,53,0,0.07,6
Davis,11/18/2011,322,56.8,40.8,86,64,0.02,0.05,7.8
Davis,11/19/2011,323,55.4,31.2,94,42,0.2,0.06,4
Davis,11/20/2011,324,51.1,44,92,81,0.04,0.01,8.4
Davis,11/21/2011,325,56.1,36.5,96,71,0,0.03,3.1
Davis,11/22/2011,326,59.2,40,97,59,0,0.04,4.5
Davis,11/23/2011,327,53.8,37.3,96,77,0,0.02,3
Davis,11/24/2011,328,53.3,44.7,96,84,0.34,0,2.8
Davis,11/25/2011,329,57.8,41.7,97,76,0,0.04,4.4
Davis,11/26/2011,330,53.9,35.6,97,83,0.01,0.02,2.8
Davis,11/27/2011,331,51.8,42.4,98,91,0,0.01,3.6
Davis,11/28/2011,332,63.4,40.4,98,65,0.01,0.03,2.2
Davis,11/29/2011,333,51.7,38.2,98,85,0.01,0.01,3.1
Davis,11/30/2011,334,62.2,40.7,98,36,0.01,0.13,13.5
Davis,12/1/2011,335,63.9,48.8,44,22,0,0.24,20.8
Davis,12/2/2011,336,71.3,50.9,32,16,0,0.22,14.7
Davis,12/3/2011,337,60.9,45.2,34,18,0,0.21,17.9
Davis,12/4/2011,338,57.6,32.2,64,31,0,0.07,4.2
Davis,12/5/2011,339,61.3,33.5,63,21,0,0.12,9.1
Davis,12/6/2011,340,57.1,27.7,78,34,0,0.05,2.2
Davis,12/7/2011,341,58.8,28.3,82,36,0,0.05,2.9
Davis,12/8/2011,342,60,28.4,86,37,0,0.05,2.4
Davis,12/9/2011,343,59.9,27.7,90,40,0,0.05,1.9
Davis,12/10/2011,344,57.5,27.3,85,44,0,0.04,2.7
Davis,12/11/2011,345,54.4,28.1,91,55,0,0.04,3.2
Davis,12/12/2011,346,55.5,32.6,86,42,0,0.05,6.2
Davis,12/13/2011,347,59.3,29.8,90,32,0,0.05,3
Davis,12/14/2011,348,55.2,28.5,89,51,0,0.04,3
Davis,12/15/2011,349,52.3,41.7,96,58,0.32,0.04,9.1
Davis,12/16/2011,350,62.9,37.7,91,33,0,0.1,11.1
Davis,12/17/2011,351,53.2,28,96,66,0,0.02,3.4
Davis,12/18/2011,352,56.4,28.8,97,58,0,0.02,3.5
Davis,12/19/2011,353,63.1,30.7,96,29,0,0.1,8.4
Davis,12/20/2011,354,49.7,29.3,96,76,0,0.02,3.1
Davis,12/21/2011,355,63.6,28.4,97,19,0.01,0.1,9.9
Davis,12/22/2011,356,59.3,33.2,44,16,0,0.16,13.2
Davis,12/23/2011,357,54.4,24.7,81,31,0,0.03,2
Davis,12/24/2011,358,55.6,23.6,79,38,0,0.03,2.2
Davis,12/25/2011,359,55.3,24.1,82,46,0,0.03,2.4
Davis,12/26/2011,360,55.9,24.4,90,40,0,0.04,2.4
Davis,12/27/2011,361,61.2,27.5,84,32,0,0.05,3.6
Davis,12/28/2011,362,58.5,36.6,81,45,0,0.04,3
Davis,12/29/2011,363,55.4,35.1,92,57,0,0.02,3.4
Davis,12/30/2011,364,60.4,40.7,98,71,0,0.02,6.4
Davis,12/31/2011,365,60.4,35.8,88,32,0,0.07,6.3
Davis,1/1/2012,1,60.3,29.2,97,45,0,0.04,2.5
Davis,1/2/2012,2,60,32.4,93,59,0,0.02,3.1
Davis,1/3/2012,3,63.1,36.2,93,43,0,0.05,3.9
Davis,1/4/2012,4,65.4,32.7,86,38,0,0.05,2.7
Davis,1/5/2012,5,67.5,30.2,92,38,0,0.05,2.1
Davis,1/6/2012,6,59.7,29.3,92,47,0,0.05,3.1
Davis,1/7/2012,7,64.5,33.5,81,25,0,0.19,16.2
Davis,1/8/2012,8,62.3,36.8,59,26,0,0.09,6
Davis,1/9/2012,9,64.3,29.2,72,34,0,0.05,1.9
Davis,1/10/2012,10,62.9,31.7,77,32,0,0.07,4.6
Davis,1/11/2012,11,64.5,29.8,73,28,0,0.07,3.4
Davis,1/12/2012,12,65.6,28.8,77,21,0,0.09,4.9
Davis,1/13/2012,13,66,27.4,74,23,0,0.07,3.6
Davis,1/14/2012,14,64.9,28.2,72,30,0,0.06,3.2
Davis,1/15/2012,15,54.6,34.4,87,50,0,0.07,8.8
Davis,1/16/2012,16,51.6,22.8,73,18,0,0.07,4.5
Davis,1/17/2012,17,52.2,19.5,80,29,0,0.05,2.7
Davis,1/18/2012,18,55.6,27.1,84,47,0,0.05,3.8
Davis,1/19/2012,19,46.1,34.1,95,52,0.02,0.02,5.6
Davis,1/20/2012,20,50.3,40.6,97,85,0.61,0,8.1
Davis,1/21/2012,21,57.1,36.5,95,49,0.7,0.08,8.5
Davis,1/22/2012,22,49.6,37.4,93,77,0.14,0.01,8.3
Davis,1/23/2012,23,56.6,38.4,96,64,0.65,0.04,8.7
Davis,1/24/2012,24,57.4,36.1,96,56,0.4,0.04,2.3
Davis,1/25/2012,25,60.1,42.4,96,67,0.03,0.07,4.7
Davis,1/26/2012,26,65.7,43.1,97,71,0,0.04,6.5
Davis,1/27/2012,27,61.8,46.3,90,29,0,0.16,14.5
Davis,1/28/2012,28,60.8,33.1,78,29,0,0.08,3.9
Davis,1/29/2012,29,64.3,35.8,83,45,0,0.07,3.8
Davis,1/30/2012,30,59.9,39.9,94,54,0,0.05,3
Davis,1/31/2012,31,60.3,34.7,97,62,0.03,0.04,4.3
Davis,2/1/2012,32,58.5,43.3,94,67,0.03,0.06,6.3
Davis,2/2/2012,33,65.5,39,90,26,0,0.14,10.4
Davis,2/3/2012,34,60.7,31.3,97,51,0,0.07,3.9
Davis,2/4/2012,35,63.3,34.9,77,32,0,0.09,4.3
Davis,2/5/2012,36,64.3,37,78,31,0,0.1,4.9
Davis,2/6/2012,37,61.8,35.9,80,36,0,0.07,3.9
Davis,2/7/2012,38,53.8,45.8,94,64,0.19,0.01,5
Davis,2/8/2012,39,63.4,44.4,97,59,0.03,0.09,5.6
Davis,2/9/2012,40,64.9,38.9,96,57,0.09,0.08,2.7
Davis,2/10/2012,41,63.7,41.4,95,69,0,0.07,6.3
Davis,2/11/2012,42,59.6,42.6,94,59,0,0.04,4.3
Davis,2/12/2012,43,59.4,36.2,97,47,0,0.05,4.6
Davis,2/13/2012,44,53.9,37.6,95,61,0,0.05,6.2
Davis,2/14/2012,45,59.4,34.9,96,43,0,0.09,5.9
Davis,2/15/2012,46,57,41.6,71,29,0,0.17,14.5
Davis,2/16/2012,47,65.5,38.5,72,24,0,0.15,8.9
Davis,2/17/2012,48,65.4,34.1,91,37,0,0.08,3.4
Davis,2/18/2012,49,58.2,38.7,97,53,0,0.05,3.8
Davis,2/19/2012,50,58.8,41.1,80,28,0,0.11,5.9
Davis,2/20/2012,51,57.5,42.1,94,57,0.01,0.07,6.3
Davis,2/21/2012,52,69.1,36.7,92,41,0,0.1,4
Davis,2/22/2012,53,74.8,40.4,92,31,0,0.11,4.2
Davis,2/23/2012,54,71,50.2,67,13,0,0.32,19.9
Davis,2/24/2012,55,70.4,45.2,64,19,0,0.17,8
Davis,2/25/2012,56,60.6,40.5,71,30,0,0.15,9
Davis,2/26/2012,57,58.9,36.9,71,25,0,0.14,9.4
Davis,2/27/2012,58,57.7,28.6,76,29,0,0.11,4.2
Davis,2/28/2012,59,54.6,33.5,82,44,0,0.12,9.6
Davis,2/29/2012,60,54.1,43.6,94,59,0.15,0.07,10.5
Davis,3/1/2012,61,59.8,42.7,91,45,0.02,0.1,8.3
Davis,3/2/2012,62,62.9,40,71,24,0,0.17,10.7
Davis,3/3/2012,63,68.7,32.5,87,31,0,0.11,2.5
Davis,3/4/2012,64,75,38.2,86,31,0,0.13,3.6
Davis,3/5/2012,65,75.3,37.9,93,30,0,0.14,5.3
Davis,3/6/2012,66,56.6,41.5,78,19,0,0.21,13.2
Davis,3/7/2012,67,64,39.5,44,17,0,0.21,13.3
Davis,3/8/2012,68,68.2,32.7,70,25,0,0.12,2.9
Davis,3/9/2012,69,72.3,34.2,71,27,0,0.13,3.5
Davis,3/10/2012,70,69.1,36.8,82,36,0,0.14,7.4
Davis,3/11/2012,71,61.7,39.8,81,44,0,0.08,8
Davis,3/12/2012,72,62.3,33.7,90,40,0,0.13,7.4
Davis,3/13/2012,73,54.8,50.6,92,62,0.13,0.03,10.9
Davis,3/14/2012,74,56.8,51.1,96,90,0.16,0.01,6.7
Davis,3/15/2012,75,60,53.7,94,81,0.63,0.03,7.8
Davis,3/16/2012,76,57.3,46,96,74,0.56,0.02,10.1
Davis,3/17/2012,77,51.7,38.7,96,64,0.05,0.05,5.5
Davis,3/18/2012,78,57.1,36,87,38,0,0.13,5.8
Davis,3/19/2012,79,53.3,31.9,94,45,0,0.09,2.6
Davis,3/20/2012,80,62.8,44.4,88,48,0,0.1,2.3
Davis,3/21/2012,81,68.8,46.1,90,52,0,0.14,4.9
Davis,3/22/2012,82,63.8,40.6,92,35,0,0.16,8.5
Davis,3/23/2012,83,60.4,36.7,79,43,0,0.14,5.9
Davis,3/24/2012,84,49.6,42.7,93,64,0.31,0.02,6.1
Davis,3/25/2012,85,57.2,40.2,94,56,0.43,0.07,3.5
Davis,3/26/2012,86,59.2,38.1,92,51,0,0.12,6.9
Davis,3/27/2012,87,53.5,46.8,96,71,1.23,0.02,7.5
Davis,3/28/2012,88,64.9,48.6,94,48,0.02,0.12,8.1
Davis,3/29/2012,89,60.9,44.4,95,62,0.02,0.06,5.6
Davis,3/30/2012,90,65.8,50.8,93,66,0,0.15,8
Davis,3/31/2012,91,57.9,44.4,88,55,0.14,0.09,11.1
Davis,4/1/2012,92,62.8,39.1,89,36,0,0.16,4.8
Davis,4/2/2012,93,66.6,41.4,83,37,0,0.16,7.2
Davis,4/3/2012,94,70.4,45,89,43,0,0.16,7.3
Davis,4/4/2012,95,62.2,37.4,83,30,0,0.17,5.9
Davis,4/5/2012,96,59,32.7,83,31,0,0.16,4.6
Davis,4/6/2012,97,61.5,32.5,87,27,0,0.15,3.2
Davis,4/7/2012,98,67.2,34.1,81,28,0,0.16,3.2
Davis,4/8/2012,99,71.3,38.3,84,31,0,0.17,4.1
Davis,4/9/2012,100,70.6,40.9,81,24,0,0.16,3.9
Davis,4/10/2012,101,56.8,49.7,95,62,0.2,0.03,4.4
Davis,4/11/2012,102,61.3,47.6,95,53,0.06,0.15,9.2
Davis,4/12/2012,103,60.8,45.8,93,49,0.92,0.13,9.9
Davis,4/13/2012,104,58.2,45.2,94,56,0.31,0.1,5.9
Davis,4/14/2012,105,65.7,41.7,90,48,0.02,0.18,4.5
Davis,4/15/2012,106,70,41.9,96,44,0,0.18,4.1
Davis,4/16/2012,107,72.3,45,90,38,0,0.19,6.2
Davis,4/17/2012,108,71.3,44.3,94,45,0,0.18,5.9
Davis,4/18/2012,109,74.8,48.5,90,43,0,0.18,3.9
Davis,4/19/2012,110,80.4,52.9,90,43,0,0.22,5.7
Davis,4/20/2012,111,88.7,60.7,76,35,0,0.24,5.7
Davis,4/21/2012,112,90.3,56.5,91,36,0,0.22,3.8
Davis,4/22/2012,113,88.9,55.6,91,36,0,0.22,4.5
Davis,4/23/2012,114,74.5,54.2,83,47,0,0.22,7.3
Davis,4/24/2012,115,73.6,53.3,85,51,0,0.18,4.4
Davis,4/25/2012,116,70.4,56.4,94,62,0.26,0.09,4.5
Davis,4/26/2012,117,65.7,46.6,95,41,0,0.19,9.1
Davis,4/27/2012,118,72,41.8,82,28,0,0.22,6.1
Davis,4/28/2012,119,82.1,49.4,68,28,0,0.26,7.1
Davis,4/29/2012,120,86.6,53.2,75,25,0,0.25,5.3
Davis,4/30/2012,121,85.3,53.4,84,40,0,0.24,6.7
Davis,5/1/2012,122,73.9,45.8,87,34,0,0.24,7.1
Davis,5/2/2012,123,71.9,42.5,90,41,0,0.21,7.7
Davis,5/3/2012,124,65.4,49.6,86,62,0,0.13,10.3
Davis,5/4/2012,125,71.8,48.9,91,40,0,0.21,5.5
Davis,5/5/2012,126,77,52.4,57,17,0,0.36,15
Davis,5/6/2012,127,82.6,56.2,46,18,0,0.34,11.3
Davis,5/7/2012,128,88.6,52.6,52,12,0,0.32,6.8
Davis,5/8/2012,129,92,51.2,61,15,0,0.27,4.3
Davis,5/9/2012,130,88.8,51.2,81,19,0,0.27,5.8
Davis,5/10/2012,131,85.6,52.6,75,16,0,0.35,10.5
Davis,5/11/2012,132,90.3,57.3,50,11,0,0.34,7.9
Davis,5/12/2012,133,91.2,49.4,78,20,0,0.26,4.4
Davis,5/13/2012,134,82.1,49.6,81,34,0,0.24,6.9
Davis,5/14/2012,135,73,48.7,80,39,0,0.24,5.8
Davis,5/15/2012,136,80.1,49.4,88,39,0,0.23,5.1
Davis,5/16/2012,137,83.7,49.8,86,40,0,0.24,5.2
Davis,5/17/2012,138,80.7,51.9,84,29,0,0.23,6.9
Davis,5/18/2012,139,85.4,46.7,87,10,0,0.3,6.5
Davis,5/19/2012,140,86.7,48.3,81,22,0,0.25,4
Davis,5/20/2012,141,90.8,51.8,78,27,0,0.27,4.9
Davis,5/21/2012,142,84.8,53.8,77,32,0,0.28,8.3
Davis,5/22/2012,143,85,54.1,90,27,0,0.26,5.2
Davis,5/23/2012,144,81.4,,73,22,0,0.23,5.1
Davis,5/24/2012,145,81.5,52.3,62,22,0,0.31,8.5
Davis,5/25/2012,146,67.9,49.3,66,33,0,0.19,5.9
Davis,5/26/2012,147,72.1,48.8,81,42,0,0.23,8.1
Davis,5/27/2012,148,76.6,47.3,89,34,0,0.23,5.8
Davis,5/28/2012,149,73.9,48.6,88,38,0,0.27,8.3
Davis,5/29/2012,150,82,46,86,21,0,0.25,4.8
Davis,5/30/2012,151,89.8,48.9,88,27,0,0.28,4.3
Davis,5/31/2012,152,96.5,53.9,82,23,0,0.28,3.9
Davis,6/1/2012,153,96.8,56.9,78,30,0,0.3,5.1
Davis,6/2/2012,154,90.4,56.9,78,35,0,0.3,7.3
Davis,6/3/2012,155,89.4,53,81,32,0,0.29,6.8
Davis,6/4/2012,156,69.2,51.5,88,45,0.04,0.13,9.5
Davis,6/5/2012,157,70.3,46.6,72,28,0,0.23,6
Davis,6/6/2012,158,81.4,54.2,68,15,0,0.31,8.2
Davis,6/7/2012,159,84.1,50.4,79,34,0,0.28,6
Davis,6/8/2012,160,82.9,51.1,82,21,0,0.28,5.1
Davis,6/9/2012,161,80.8,51.1,55,17,0,0.43,16.3
Davis,6/10/2012,162,89.8,62.5,37,13,0,0.41,12.6
Davis,6/11/2012,163,94.8,58.5,62,16,0,0.31,4.9
Davis,6/12/2012,164,93.1,56,76,25,0,0.3,5.4
Davis,6/13/2012,165,92,55.2,84,33,0,0.29,5.5
Davis,6/14/2012,166,92.3,55.6,78,26,0,0.31,6.1
Davis,6/15/2012,167,96.6,54.2,76,20,0,0.35,7
Davis,6/16/2012,168,102.9,63,76,14,0,0.39,7.9
Davis,6/17/2012,169,97.4,58.8,71,25,0,0.35,7.6
Davis,6/18/2012,170,83.6,56,77,39,0,0.29,9.5
Davis,6/19/2012,171,91,53.1,82,10,0,0.32,6.5
Davis,6/20/2012,172,94.7,60.2,67,19,0,0.35,7.2
Davis,6/21/2012,173,74.4,53.2,75,43,0,0.29,11.5
Davis,6/22/2012,174,72.7,50.4,81,50,0,0.2,7.5
Davis,6/23/2012,175,73.1,48.4,89,34,0,0.26,7.6
Davis,6/24/2012,176,75.8,47.2,82,24,0,0.26,7.1
Davis,6/25/2012,177,74.6,49.2,75,39,0,0.26,7.5
Davis,6/26/2012,178,80,45.3,87,23,0,0.25,4.8
Davis,6/27/2012,179,86.9,48.7,81,14,0,0.28,4.9
Davis,6/28/2012,180,87.3,53.6,86,28,0,0.29,6.8
Davis,6/29/2012,181,84.4,53.4,86,40,0,0.26,5.6
Davis,6/30/2012,182,88.4,56.1,88,40,0,0.27,5.7
Davis,7/1/2012,183,82.7,59.2,87,47,0,0.26,6.6
Davis,7/2/2012,184,90,56.8,90,35,0,0.28,7
Davis,7/3/2012,185,90.7,51.6,87,29,0.01,0.26,4.6
Davis,7/4/2012,186,89,55.4,83,35,0.01,0.28,5.6
Davis,7/5/2012,187,85,54,83,38,0,0.27,8.4
Davis,7/6/2012,188,88.9,48.5,91,30,0,0.26,4.5
Davis,7/7/2012,189,95.1,55,80,23,0,0.29,4.3
Davis,7/8/2012,190,95.5,55.1,79,27,0,0.29,5
Davis,7/9/2012,191,93.2,54.3,82,24,0,0.28,5.3
Davis,7/10/2012,192,98.3,50.8,85,18,0,0.29,3.7
Davis,7/11/2012,193,102.2,56.4,80,15,0,0.3,4
Davis,7/12/2012,194,99.2,58.2,78,28,0,0.3,5.1
Davis,7/13/2012,195,81.8,53.8,86,44,0,0.27,7.7
Davis,7/14/2012,196,82.3,51.6,90,43,0,0.24,4.9
Davis,7/15/2012,197,91.8,51.3,91,31,0,0.27,5.2
Davis,7/16/2012,198,71.3,56,80,52,0,0.26,12.6
Davis,7/17/2012,199,73,51.9,88,48,0,0.18,6.7
Davis,7/18/2012,200,80.7,51.9,85,36,0,0.25,4.7
Davis,7/19/2012,201,84.1,54.4,87,26,0,0.26,6.5
Davis,7/20/2012,202,91.8,53.8,91,22,0,0.27,4.7
Davis,7/21/2012,203,96.7,56.2,83,27,0,0.29,4.4
Davis,7/22/2012,204,99.1,59.1,80,24,0,0.29,4.7
Davis,7/23/2012,205,86.7,60.9,72,32,0,0.28,7.2
Davis,7/24/2012,206,89.3,54.1,85,22,0,0.27,6.2
Davis,7/25/2012,207,88.6,53.3,86,24,0,0.26,5.3
Davis,7/26/2012,208,86.4,49.9,88,36,0,0.24,5.7
Davis,7/27/2012,209,84.7,51.8,87,34,0,0.25,5.8
Davis,7/28/2012,210,88.3,50.4,92,31,0,0.25,4.6
Davis,7/29/2012,211,89.6,53.8,90,29,0,0.25,4.1
Davis,7/30/2012,212,95,52.8,89,26,0,0.26,4.1
Davis,7/31/2012,213,96,58.3,80,21,0.02,0.27,4.4
Davis,8/1/2012,214,95.6,53.5,89,18,0,0.26,3.9
Davis,8/2/2012,215,95.5,53.6,86,23,0,0.25,3.9
Davis,8/3/2012,216,90.8,51.8,89,31,0,0.24,4.7
Davis,8/4/2012,217,79.1,54.8,82,52,0,0.16,7.5
Davis,8/5/2012,218,85.6,53.2,92,42,0,0.24,5.8
Davis,8/6/2012,219,91.6,53,90,27,0,0.25,4.2
Davis,8/7/2012,220,94.9,52.2,87,27,0,0.25,4.1
Davis,8/8/2012,221,97.8,51.6,93,21,0,0.25,3.5
Davis,8/9/2012,222,98,54.5,83,24,0,0.26,3.5
Davis,8/10/2012,223,99,55.7,85,20,0,0.26,3.6
Davis,8/11/2012,224,102.3,52.8,85,14,0,0.27,4.1
Davis,8/12/2012,225,98.5,56.8,76,17,0,0.26,4.5
Davis,8/13/2012,226,99.5,60.8,72,22,0,0.26,3.7
Davis,8/14/2012,227,95.1,62,70,33,0,0.23,4.3
Davis,8/15/2012,228,94.3,62.4,71,29,0,0.25,5
Davis,8/16/2012,229,95.2,56.1,77,26,0,0.25,4.7
Davis,8/17/2012,230,91.9,55,81,27,0,0.24,5.1
Davis,8/18/2012,231,95.3,61.8,74,26,0,0.25,4.9
Davis,8/19/2012,232,90.1,55.1,84,34,0,0.23,4.4
Davis,8/20/2012,233,91.3,53.5,87,31,0,0.23,4.5
Davis,8/21/2012,234,92.5,53.3,87,33,0,0.23,4.6
Davis,8/22/2012,235,89.8,51.9,91,29,0,0.23,4.7
Davis,8/23/2012,236,88.4,51.6,91,31,0,0.23,5
Davis,8/24/2012,237,89.4,50.2,92,25,0,0.23,5.1
Davis,8/25/2012,238,82.3,49.7,89,41,0,0.22,6.5
Davis,8/26/2012,239,80,52.9,84,35,0,0.23,8.6
Davis,8/27/2012,240,88.9,46,93,23,0,0.21,3.2
Davis,8/28/2012,241,91.1,50.5,89,23,0,0.23,3.6
Davis,8/29/2012,242,94.8,49,85,20,0,0.23,3.7
Davis,8/30/2012,243,92.8,55.9,78,13,0,0.24,8.9
Davis,8/31/2012,244,76.2,53.9,84,47,0,0.21,10
Davis,9/1/2012,245,80.4,47.6,92,39,0,0.17,4.2
Davis,9/2/2012,246,90.9,47.2,89,18,0,0.22,3.3
Davis,9/3/2012,247,92.9,48.9,83,18,0,0.22,3.8
Davis,9/4/2012,248,94,48.1,83,20,0,0.22,4.4
Davis,9/5/2012,249,86.4,49.4,89,32,0,0.16,4.1
Davis,9/6/2012,250,88.3,54.5,75,11,0,0.22,5.3
Davis,9/7/2012,251,89.7,50.9,76,23,0,0.21,4.3
Davis,9/8/2012,252,88.1,55.4,71,29,0,0.21,4.6
Davis,9/9/2012,253,88,54.6,77,23,0,0.22,5.5
Davis,9/10/2012,254,91.5,47.6,88,17,0,0.21,4.6
Davis,9/11/2012,255,91.7,50.5,81,23,0,0.2,3.8
Davis,9/12/2012,256,90,51.1,87,26,0,0.18,3.4
Davis,9/13/2012,257,97.1,53.2,85,23,0,0.19,3.2
Davis,9/14/2012,258,91.1,54.5,82,32,0,0.2,4.7
Davis,9/15/2012,259,91.8,51.8,83,19,0,0.19,4.1
Davis,9/16/2012,260,90.4,47,80,18,0,0.19,3.8
Davis,9/17/2012,261,86.5,49.7,78,28,0,0.19,4.4
Davis,9/18/2012,262,85.8,48.2,81,29,0,0.18,4.6
Davis,9/19/2012,263,84.5,47.3,84,35,0,0.17,4.6
Davis,9/20/2012,264,86.2,46.9,87,29,0,0.17,3.6
Davis,9/21/2012,265,88.1,48,83,27,0,0.17,3.7
Davis,9/22/2012,266,91.4,47.5,82,22,0,0.18,3.3
Davis,9/23/2012,267,90,54.4,70,18,0,0.19,5.3
Davis,9/24/2012,268,86.4,48.9,82,20,0,0.17,4.7
Davis,9/25/2012,269,91.6,50.5,80,23,0,0.18,4.2
Davis,9/26/2012,270,88.9,51.1,89,30,0,0.15,3
Davis,9/27/2012,271,93.4,51.2,85,23,0,0.17,3.3
Davis,9/28/2012,272,89.9,53.9,81,30,0,0.17,4
Davis,9/29/2012,273,93.2,51.4,86,24,0,0.16,2.7
Davis,9/30/2012,274,95.6,53.5,81,17,0,0.18,3.1
Davis,10/1/2012,275,97.4,54.3,65,16,0,0.18,2.9
Davis,10/2/2012,276,97.8,55.7,69,18,0,0.17,2.6
Davis,10/3/2012,277,93.4,57.4,67,22,0.01,0.19,4.9
Davis,10/4/2012,278,79.6,56.7,76,44,0,0.16,6.2
Davis,10/5/2012,279,76.9,53.3,81,43,0,0.15,5.4
Davis,10/6/2012,280,74.8,46.3,92,43,0,0.12,3.2
Davis,10/7/2012,281,77.5,45.1,90,38,0,0.14,4.5
Davis,10/8/2012,282,75.6,49.1,82,35,0,0.14,5
Davis,10/9/2012,283,74.4,43,89,36,0,0.12,3.2
Davis,10/10/2012,284,77.8,45,81,36,0,0.14,4.3
Davis,10/11/2012,285,67.1,46,86,56,0,0.1,8.1
Davis,10/12/2012,286,61.9,44.8,88,63,0,0.03,3.4
Davis,10/13/2012,287,75.7,43.7,91,42,0,0.12,3.6
Davis,10/14/2012,288,78.9,49.5,95,44,0,0.11,3
Davis,10/15/2012,289,83.3,49.9,87,39,0,0.13,3.2
Davis,10/16/2012,290,87.4,58,86,25,0,0.15,4.4
Davis,10/17/2012,291,86.6,54.4,53,14,0,0.25,10.9
Davis,10/18/2012,292,86.6,52,73,30,0,0.15,5.2
Davis,10/19/2012,293,80.1,54,90,39,0,0.12,4.2
Davis,10/20/2012,294,76.6,47.7,95,47,0,0.11,4.9
Davis,10/21/2012,295,68.9,46.9,81,28,0.09,0.09,5.9
Davis,10/22/2012,296,63.7,50,94,53,0.34,0.09,8.6
Davis,10/23/2012,297,61,48.5,90,46,0.05,0.08,5.9
Davis,10/24/2012,298,63.5,54.2,92,55,0,0.07,4.8
Davis,10/25/2012,299,65.5,51.2,92,45,0,0.13,9.1
Davis,10/26/2012,300,74.9,50.8,69,23,0,0.14,6.3
Davis,10/27/2012,301,80.3,45.2,86,35,0,0.12,4
Davis,10/28/2012,302,78.8,47.5,92,42,0,0.1,2.3
Davis,10/29/2012,303,77.5,45.5,95,43,0,0.1,3
Davis,10/30/2012,304,75.3,46.2,94,42,0,0.09,3.4
Davis,10/31/2012,305,63.4,51.9,96,64,0.22,0.04,6.9
Davis,11/1/2012,306,69.3,53.2,97,57,0.1,0.07,3.3
Davis,11/2/2012,307,68.5,46.4,96,58,0.01,0.08,3
Davis,11/3/2012,308,73,47.4,96,45,0,0.1,3.1
Davis,11/4/2012,309,74.1,48.4,95,47,0,0.1,3
Davis,11/5/2012,310,78.3,46.2,95,44,0,0.09,2
Davis,11/6/2012,311,81,47.6,92,43,0,0.09,2.1
Davis,11/7/2012,312,72.4,46.5,96,53,0,0.09,5.2
Davis,11/8/2012,313,60.1,42.3,87,46,0.06,0.06,8.5
Davis,11/9/2012,314,56.7,38.1,91,42,0,0.07,3.5
Davis,11/10/2012,315,57.4,31,94,36,0,0.07,2.3
Davis,11/11/2012,316,57.5,31,91,41,0,0.07,2.9
Davis,11/12/2012,317,60.9,37.2,79,32,0,0.08,4.1
Davis,11/13/2012,318,63.7,35.1,82,39,0,0.07,3.7
Davis,11/14/2012,319,69.2,42.1,89,44,0,0.07,3.2
Davis,11/15/2012,320,65.5,37.8,94,55,0,0.05,2.4
Davis,11/16/2012,321,56.9,44.3,96,83,0.34,0.01,3.7
Davis,11/17/2012,322,63.2,51.9,97,70,0.54,0.04,9.6
Davis,11/18/2012,323,60.2,45.1,93,52,0,0.06,5.2
Davis,11/19/2012,324,65.2,50.9,92,58,0,0.06,4.2
Davis,11/20/2012,325,64.7,51.2,95,68,0.11,0.03,8.5
Davis,11/21/2012,326,65.9,47.6,96,59,0.28,0.05,5
Davis,11/22/2012,327,63.7,42.5,94,49,0,0.08,5.2
Davis,11/23/2012,328,64,38,96,55,0,0.07,3.3
Davis,11/24/2012,329,65.5,37.4,96,53,0,0.06,2.5
Davis,11/25/2012,330,65.5,36.9,96,54,0,0.06,2.3
Davis,11/26/2012,331,62.6,37.7,97,63,0.01,0.05,2.2
Davis,11/27/2012,332,61,39.8,96,67,0,0.04,2.3
Davis,11/28/2012,333,59.4,46,96,86,0.71,0.01,6.4
Davis,11/29/2012,334,59.7,50.4,95,77,0.12,0.02,11.1
Davis,11/30/2012,335,61.8,54,95,79,1.1,0.02,12.2
Davis,12/1/2012,336,61.2,53.8,96,84,0.27,0.02,9.6
Davis,12/2/2012,337,62.9,44.7,95,58,0.15,0.05,9.8
Davis,12/3/2012,338,58.7,40.9,95,69,0.09,0.05,3.2
Davis,12/4/2012,339,57.7,50.4,94,81,0.07,0.01,3.3
Davis,12/5/2012,340,55.6,53.2,96,90,0.07,0,4.9
Davis,12/6/2012,341,60.5,45.2,95,65,0.06,0.04,3.6
Davis,12/7/2012,342,61.3,38.8,96,48,0.05,0.05,3.1
Davis,12/8/2012,343,57.8,37.5,97,51,0.03,0.06,4.3
Davis,12/9/2012,344,63.8,44.6,84,46,0.03,0.1,8.5
Davis,12/10/2012,345,62.1,37.1,96,54,0.02,0.06,3.2
Davis,12/11/2012,346,52.6,48.4,97,74,0,0.03,10.4
Davis,12/12/2012,347,57.2,40.4,94,48,0,0.06,5.8
Davis,12/13/2012,348,51.5,33,92,55,0,0.05,4.3
Davis,12/14/2012,349,47.8,30.9,95,71,0,0.02,2
Davis,12/15/2012,350,43,29.7,96,91,0.27,0,2.7
Davis,12/16/2012,351,50.9,39.2,96,76,0.02,0.02,5.7
Davis,12/17/2012,352,60.2,42,95,61,0.25,0.04,7.9
Davis,12/18/2012,353,51.7,33,73,45,0,0.06,5.9
Davis,12/19/2012,354,49.3,31.2,84,43,0,0.05,3.3
Davis,12/20/2012,355,54.4,30,90,45,0.01,0.07,7.3
Davis,12/21/2012,356,48.6,39.8,92,67,0.58,0.02,7.9
Davis,12/22/2012,357,56.1,44.3,92,60,1,0.04,10.2
Davis,12/23/2012,358,50.7,45.6,95,85,1.04,0.01,12.4
Davis,12/24/2012,359,51.6,37.8,97,64,0,0.03,5.5
Davis,12/25/2012,360,45.8,35.8,95,89,0.99,0,4.9
Davis,12/26/2012,361,55.1,36.4,96,71,0,0.04,6.2
Davis,12/27/2012,362,,,,,,0.02,
Davis,12/28/2012,363,43.3,30.4,96,82,0,0.01,4.2
Davis,12/29/2012,364,53.1,34.6,92,55,0,0.04,7.2
Davis,12/30/2012,365,52.8,32.2,94,48,0,0.07,8.9
Davis,12/31/2012,366,42.8,31,90,40,0,0.05,2.1
Davis,1/1/2013,1,51.5,30.2,89,46,0,0.06,5.6
Davis,1/2/2013,2,55.1,28.5,91,46,0,0.05,2.3
Davis,1/3/2013,3,51.9,27.8,91,53,0,0.04,2.7
Davis,1/4/2013,4,54.5,29.8,93,44,0,0.05,2.5
Davis,1/5/2013,5,47.2,31,94,78,0.39,0.02,4.1
Davis,1/6/2013,6,54.8,34.7,96,66,0.17,0.02,4.9
Davis,1/7/2013,7,51.5,32.7,97,71,0,0.04,3
Davis,1/8/2013,8,56.8,32.3,97,66,0,0.05,2.2
Davis,1/9/2013,9,51.4,35.5,97,56,0,0.02,4.6
Davis,1/10/2013,10,49.6,29.6,90,49,0,0.05,3.4
Davis,1/11/2013,11,49.7,27.1,91,47,0,0.04,3.2
Davis,1/12/2013,12,46.9,30,80,36,0,0.06,6.6
Davis,1/13/2013,13,44.8,25.4,81,39,0,0.07,8
Davis,1/14/2013,14,49,30.3,70,28,0,0.1,10
Davis,1/15/2013,15,51.4,25.2,90,42,0,0.05,2.2
Davis,1/16/2013,16,57.9,25.9,91,40,0,0.05,2.1
Davis,1/17/2013,17,59.4,26.1,93,36,0,0.05,2.1
Davis,1/18/2013,18,60.5,30.3,90,32,0,0.07,4.2
Davis,1/19/2013,19,61.7,26.6,87,26,0,0.07,3.9
Davis,1/20/2013,20,63.2,27.9,83,26,0,0.08,4
Davis,1/21/2013,21,60.9,29.1,84,39,0,0.06,2.8
Davis,1/22/2013,22,60.5,42.2,87,40,0,0.06,3.3
Davis,1/23/2013,23,52.4,41.4,94,65,0.19,0.01,4.6
Davis,1/24/2013,24,56.1,46,95,82,0.01,0.02,7.5
Davis,1/25/2013,25,65.5,46.9,97,65,0,0.06,2.5
Davis,1/26/2013,26,61.8,42.1,98,41,0,0.08,5.6
Davis,1/27/2013,27,54.1,33.4,91,41,0,0.08,4.8
Davis,1/28/2013,28,57.8,32.5,87,45,0,0.08,4.3
Davis,1/29/2013,29,59.5,33.7,91,44,0,0.07,4.2
Davis,1/30/2013,30,62.5,35.7,88,44,0,0.07,3.9
Davis,1/31/2013,31,64.2,32.8,96,51,0,0.07,2.3
Davis,2/1/2013,32,63.2,37.1,88,49,0,0.08,4
Davis,2/2/2013,33,64.5,38.3,92,45,0,0.06,3.1
Davis,2/3/2013,34,64.7,33.9,97,45,0,0.07,2.7
Davis,2/4/2013,35,62.8,33.8,97,57,0,0.07,2.4
Davis,2/5/2013,36,58.8,33.7,97,59,0,0.05,2.8
Davis,2/6/2013,37,59.5,33.7,97,48,0.01,0.07,4.6
Davis,2/7/2013,38,56.6,37.7,92,43,0.03,0.06,6.5
Davis,2/8/2013,39,55.7,32.9,90,35,0,0.11,10.1
Davis,2/9/2013,40,57.4,35.9,67,29,0,0.12,8.8
Davis,2/10/2013,41,60.8,27.8,90,35,0,0.1,6.4
Davis,2/11/2013,42,63.2,35.4,70,25,0,0.1,5.7
Davis,2/12/2013,43,62.1,30.3,86,37,0,0.08,2.7
Davis,2/13/2013,44,65.1,32.1,92,34,0,0.09,2.9
Davis,2/14/2013,45,70.7,35.5,93,36,0,0.13,6.6
Davis,2/15/2013,46,69.3,35.7,93,32,0,0.1,2.6
Davis,2/16/2013,47,67.6,37,85,37,0,0.09,4.2
Davis,2/17/2013,48,66.2,35.6,92,26,0,0.12,6
Davis,2/18/2013,49,56,33.3,94,54,0,0.1,8.4
Davis,2/19/2013,50,50.2,34.8,89,54,0.12,0.03,7
Davis,2/20/2013,51,59.8,30,92,29,0,0.14,9.4
Davis,2/21/2013,52,61.5,31.1,92,26,0,0.12,6.8
Davis,2/22/2013,53,63.8,38.5,80,37,0,0.11,7
Davis,2/23/2013,54,59.4,42.9,77,24,0,0.17,11.6
Davis,2/24/2013,55,64.1,39.8,62,20,0,0.18,12.3
Davis,2/25/2013,56,62.1,34.9,81,35,0,0.12,5.9
Davis,2/26/2013,57,67.4,35.9,65,18,0,0.22,12.9
Davis,2/27/2013,58,67.5,30.5,75,29,0,0.11,2.6
Davis,2/28/2013,59,70.9,39,85,34,0,0.12,2.9
Davis,3/1/2013,60,73.8,37.9,88,34,0,0.13,3.5
Davis,3/2/2013,61,69.5,43.1,84,47,0,0.09,3.3
Davis,3/3/2013,62,66.2,46.9,82,55,0,0.08,6.1
Davis,3/4/2013,63,65.3,37.3,95,54,0,0.11,4.3
Davis,3/5/2013,64,59.1,38.4,81,49,0.08,0.14,10
Davis,3/6/2013,65,56,37.4,86,56,0.09,0.07,8.9
Davis,3/7/2013,66,58.4,33.5,93,45,0,0.1,4.4
Davis,3/8/2013,67,67.2,37.7,85,26,0,0.14,7.3
Davis,3/9/2013,68,70.3,34.9,94,19,0,0.18,7.9
Davis,3/10/2013,69,69.4,34.8,80,24,0,0.13,4.4
Davis,3/11/2013,70,73.3,36.7,85,32,0,0.13,3.1
Davis,3/12/2013,71,76.6,37.2,92,35,0,0.14,3
Davis,3/13/2013,72,77.6,43.7,93,36,0,0.15,3.6
Davis,3/14/2013,73,77.3,46.1,89,44,0,0.12,3.2
Davis,3/15/2013,74,77.5,44.7,87,29,0,0.14,3.9
Davis,3/16/2013,75,78.2,41.4,88,24,0,0.18,5
Davis,3/17/2013,76,71.7,41,76,20,0,0.17,5.3
Davis,3/18/2013,77,68.9,39.5,84,32,0,0.11,3.8
Davis,3/19/2013,78,68,42.7,90,44,0.12,0.08,4.1
Davis,3/20/2013,79,61.7,47.3,94,76,0.16,0.06,6.9
Davis,3/21/2013,80,66.9,41.8,92,19,0,0.19,9.6
Davis,3/22/2013,81,65.4,45.9,39,16,0,0.3,17.9
Davis,3/23/2013,82,72.6,46,73,16,0,0.22,10.1
Davis,3/24/2013,83,72.7,36.7,84,26,0,0.16,3.7
Davis,3/25/2013,84,67.9,40.4,92,39,0,0.16,6.2
Davis,3/26/2013,85,71.4,41.8,88,38,0,0.16,5.2
Davis,3/27/2013,86,68.7,47.6,86,52,0,0.17,6.7
Davis,3/28/2013,87,69.1,50.9,88,49,0,0.13,5.1
Davis,3/29/2013,88,77.6,49.6,87,36,0,0.18,6.5
Davis,3/30/2013,89,75.1,49,88,43,0.11,0.15,5
Davis,3/31/2013,90,67.5,52.6,95,55,0.45,0.11,5.3
Davis,4/1/2013,91,67.7,50,97,53,0,0.12,3.3
Davis,4/2/2013,92,72.7,45.1,96,51,0,0.15,4.3
Davis,4/3/2013,93,74.4,46.6,95,42,0,0.15,3.4
Davis,4/4/2013,94,64.8,51,95,62,0.57,0.06,8
Davis,4/5/2013,95,68.2,50,91,54,0,0.15,5.8
Davis,4/6/2013,96,68.9,52.4,85,57,0,0.14,6.7
Davis,4/7/2013,97,66.7,49.2,91,55,0,0.16,8.9
Davis,4/8/2013,98,68.4,54.3,78,19,0,0.29,16.8
Davis,4/9/2013,99,75.7,51,47,19,0,0.32,15.7
Davis,4/10/2013,100,87.2,55.8,51,27,0,0.25,7.7
Davis,4/11/2013,101,78.7,49.8,66,17,0,0.28,9.7
Davis,4/12/2013,102,82.4,44.1,84,22,0,0.22,5.1
Davis,4/13/2013,103,78.2,44.9,91,34,0,0.18,3.9
Davis,4/14/2013,104,75.3,45.3,83,21,0,0.24,7.9
Davis,4/15/2013,105,66.3,44,89,32,0,0.17,6.7
Davis,4/16/2013,106,68.1,48.6,44,18,0,0.32,16
Davis,4/17/2013,107,70.3,47.3,49,17,0,0.3,13.1
Davis,4/18/2013,108,77.5,49.8,63,18,0,0.26,7.6
Davis,4/19/2013,109,82.8,43.4,84,29,0,0.21,3.4
Davis,4/20/2013,110,84.5,53.5,67,12,0,0.31,9.9
Davis,4/21/2013,111,88.4,50.3,72,13,0,0.28,7.1
Davis,4/22/2013,112,88.6,61.1,48,10,0,0.4,13.9
Davis,4/23/2013,113,84.2,52.2,62,10,0,0.38,13.8
Davis,4/24/2013,114,88,44.7,85,12,0,0.31,9.1
Davis,4/25/2013,115,77.6,46.8,87,38,0,0.22,6.2
Davis,4/26/2013,116,81.8,44.4,93,37,0,0.21,4.4
Davis,4/27/2013,117,86.1,48.4,88,34,0,0.22,3.9
Davis,4/28/2013,118,90.6,50.1,90,16,0,0.25,4.5
Davis,4/29/2013,119,92,65.6,42,18,0,0.34,9.7
Davis,4/30/2013,120,83.9,66,33,9,0,0.49,20
Davis,5/1/2013,121,87.9,61.3,19,11,0,0.47,18.3
Davis,5/2/2013,122,91.3,60.8,40,10,0,0.25,3.6
Davis,5/3/2013,123,92.5,51.3,67,12,0,0.28,5.5
Davis,5/4/2013,124,89.7,58.9,64,12,0,0.39,12.3
Davis,5/5/2013,125,72.1,52.3,76,41,0,0.16,6
Davis,5/6/2013,126,73.4,56.3,91,48,0,0.16,6.3
Davis,5/7/2013,127,72.3,57.4,81,50,0,0.14,4.6
Davis,5/8/2013,128,75.8,55,86,44,0,0.21,7
Davis,5/9/2013,129,80.8,51.6,91,45,0,0.23,5.8
Davis,5/10/2013,130,86.8,50.7,92,43,0,0.23,4.9
Davis,5/11/2013,131,91.9,52.8,92,35,0,0.23,3.8
Davis,5/12/2013,132,93.2,53.3,88,22,0,0.28,5.7
Davis,5/13/2013,133,89,52.9,86,27,0,0.26,4.7
Davis,5/14/2013,134,86.6,55.4,86,32,0,0.28,6.9
Davis,5/15/2013,135,81,52.1,73,35,0,0.24,6.9
Davis,5/16/2013,136,78.6,53.5,76,32,0,0.24,7.6
Davis,5/17/2013,137,76.2,48.4,88,32,0,0.24,5.8
Davis,5/18/2013,138,81.5,46.5,94,30,0,0.24,4.4
Davis,5/19/2013,139,86,55.9,63,11,0,0.37,11.2
Davis,5/20/2013,140,89.6,58.5,62,13,0,0.36,9.8
Davis,5/21/2013,141,82,54.8,75,11,0,0.31,7.8
Davis,5/22/2013,142,73.4,47.3,62,10,0,0.3,9.8
Davis,5/23/2013,143,75.1,44.3,79,19,0,0.24,4.8
Davis,5/24/2013,144,77.8,46.3,84,15,0,0.26,6.2
Davis,5/25/2013,145,77.6,48.8,80,36,0,0.24,6.6
Davis,5/26/2013,146,79.7,50.9,81,32,0,0.25,5.5
Davis,5/27/2013,147,68.1,50.3,92,50,0,0.09,6.2
Davis,5/28/2013,148,79.1,57.1,92,36,0,0.22,5.3
Davis,5/29/2013,149,81.2,57.4,69,31,0,0.25,6.6
Davis,5/30/2013,150,84.3,49.4,87,24,0,0.27,5.2
Davis,5/31/2013,151,93.1,53.9,80,11,0,0.36,8.7
Davis,6/1/2013,152,96.1,56.2,72,16,0,0.32,6.3
Davis,6/2/2013,153,94,58.5,81,23,0,0.3,5.4
Davis,6/3/2013,154,91.2,57.5,78,29,0,0.29,5.7
Davis,6/4/2013,155,86.3,56.6,79,38,0,0.27,6.8
Davis,6/5/2013,156,83.7,55,85,44,0,0.25,6.1
Davis,6/6/2013,157,68.5,,86,38,0,0.13,5.7
Davis,6/7/2013,158,104.2,68.5,84,17,0,0.15,3.9
Davis,6/8/2013,159,105.9,64.5,89,21,0,0.37,8.4
Davis,6/9/2013,160,83.6,60.5,74,43,0,0.29,9
Davis,6/10/2013,161,70.1,56.5,80,57,0,0.19,7.7
Davis,6/11/2013,162,83.4,54.1,87,27,0,0.26,4.6
Davis,6/12/2013,163,86,52.8,86,28,0,0.28,5.7
Davis,6/13/2013,164,85.4,49.6,82,21,0,0.29,5.6
Davis,6/14/2013,165,87.6,58.6,61,17,0,0.35,10.2
Davis,6/15/2013,166,86.6,52.3,84,30,0,0.28,5.6
Davis,6/16/2013,167,91.4,51.4,82,25,0,0.28,4.6
Davis,6/17/2013,168,88.1,54.5,76,24,0,0.31,8
Davis,6/18/2013,169,80,54.3,83,25,0,0.28,7
Davis,6/19/2013,170,78.9,47.1,83,29,0,0.26,4.7
Davis,6/20/2013,171,83.4,51,83,30,0,0.29,5.8
Davis,6/21/2013,172,88.1,52.7,85,10,0,0.3,5.7
Davis,6/22/2013,173,91.1,54.3,75,21,0,0.33,6.8
Davis,6/23/2013,174,77.7,57.9,85,49,0,0.14,8.4
Davis,6/24/2013,175,68.7,59.4,89,67,0,0.07,7.1
Davis,6/25/2013,176,74.3,60.4,98,72,0,0.1,7.5
Davis,6/26/2013,177,86.6,60.5,96,44,0,0.27,5.3
Davis,6/27/2013,178,95.8,59.4,94,32,0,0.27,3.4
Davis,6/28/2013,179,100.4,62.7,91,30,0,0.31,4.7
Davis,6/29/2013,180,104.7,65.5,76,22,0,0.32,4.8
Davis,6/30/2013,181,101.8,65.8,75,26,0,0.31,4.3
Davis,7/1/2013,182,101.3,62.2,81,27,0,0.29,4.1
Davis,7/2/2013,183,98.7,69.8,74,35,0,0.32,7.2
Davis,7/3/2013,184,101.6,67.1,77,33,0,0.29,4.2
Davis,7/4/2013,185,105.6,68.6,84,22,0,0.32,5.8
Davis,7/5/2013,186,84.3,59.5,77,39,0,0.3,8.5
Davis,7/6/2013,187,85.5,56.9,85,39,0,0.27,5.9
Davis,7/7/2013,188,91.5,53.6,90,12,0,0.28,4.7
Davis,7/8/2013,189,92.2,53.5,85,13,0,0.29,4.6
Davis,7/9/2013,190,97.6,54.8,84,16,0,0.29,3.6
Davis,7/10/2013,191,95.6,57.9,78,18,0,0.31,6
Davis,7/11/2013,192,85.8,51.9,89,32,0,0.27,6.7
Davis,7/12/2013,193,86.6,53.5,93,34,0,0.26,5.5
Davis,7/13/2013,194,91.9,53.4,90,17,0,0.28,4.6
Davis,7/14/2013,195,91.7,52.5,87,25,0,0.27,4.5
Davis,7/15/2013,196,83.7,52.8,88,40,0,0.27,7
Davis,7/16/2013,197,79.6,50.7,88,42,0,0.26,7.4
Davis,7/17/2013,198,88.3,50.3,94,29,0,0.25,4.7
Davis,7/18/2013,199,93.4,52,91,21,0,0.27,4.2
Davis,7/19/2013,200,96.2,53.5,95,26,0,0.27,4.3
Davis,7/20/2013,201,94.7,56.5,87,30,0,0.27,4.8
Davis,7/21/2013,202,93.3,58.1,83,33,0,0.29,6.5
Davis,7/22/2013,203,88.8,62.2,70,26,0,0.24,6.6
Davis,7/23/2013,204,88.8,65.3,66,34,0,0.24,5.7
Davis,7/24/2013,205,96.3,61.2,77,25,0,0.27,4.3
Davis,7/25/2013,206,93.6,61.4,79,37,0,0.28,5.7
Davis,7/26/2013,207,92.5,56.8,88,37,0,0.26,5.4
Davis,7/27/2013,208,89.6,56.3,88,37,0,0.25,5.4
Davis,7/28/2013,209,86.3,56.6,88,43,0,0.25,6.8
Davis,7/29/2013,210,80.1,53.9,87,47,0,0.24,7.4
Davis,7/30/2013,211,86.6,52.8,90,31,0,0.24,4.7
Davis,7/31/2013,212,87.5,54.3,89,37,0,0.26,6.2
Davis,8/1/2013,213,84.9,54.2,83,34,0,0.25,5.3
Davis,8/2/2013,214,88.8,58.4,94,26,0,0.25,5.2
Davis,8/3/2013,215,87.6,51.3,91,29,0,0.24,4.2
Davis,8/4/2013,216,85.4,53.1,88,34,0,0.24,5.9
Davis,8/5/2013,217,86.7,48.8,92,26,0,0.24,5.5
Davis,8/6/2013,218,84.1,49,92,36,0,0.22,6.2
Davis,8/7/2013,219,79.9,54.9,87,47,0,0.23,6.9
Davis,8/8/2013,220,81.4,53,95,38,0,0.22,5.6
Davis,8/9/2013,221,82.6,50.9,92,39,0,0.23,5.6
Davis,8/10/2013,222,84.5,52.4,91,41,0,0.22,4.9
Davis,8/11/2013,223,87.5,52.7,95,32,0,0.23,4.3
Davis,8/12/2013,224,89.3,54.1,91,20,0,0.24,4.4
Davis,8/13/2013,225,93.7,51.4,90,19,0,0.25,4.3
Davis,8/14/2013,226,93.3,54.5,84,26,0,0.25,4.3
Davis,8/15/2013,227,95.5,57.8,96,25,0,0.25,4.7
Davis,8/16/2013,228,94.6,61.5,93,30,0,0.25,4.7
Davis,8/17/2013,229,92.9,60.4,84,30,0,0.19,4.7
Davis,8/18/2013,230,97.8,58.8,87,30,0,0.23,3.5
Davis,8/19/2013,231,103.2,69,70,24,0,0.13,5.1
Davis,8/20/2013,232,93.7,65,72,35,0,0.24,5
Davis,8/21/2013,233,90.7,60.2,81,23,0,0.25,6.5
Davis,8/22/2013,234,86.9,56.5,84,32,0,0.24,6.1
Davis,8/23/2013,235,89,51.2,94,30,0,0.22,4.6
Davis,8/24/2013,236,89.5,56.1,86,31,0,0.24,6.3
Davis,8/25/2013,237,85.4,62.5,83,39,0,0.24,6.9
Davis,8/26/2013,238,86.4,57.9,89,34,0,0.22,5
Davis,8/27/2013,239,91.9,52.5,88,22,0,0.24,5.2
Davis,8/28/2013,240,91,56.1,88,27,0,0.23,5.4
Davis,8/29/2013,241,91,60,91,34,0,0.23,5.3
Davis,8/30/2013,242,96,56.7,92,26,0,0.23,4
Davis,8/31/2013,243,93.5,56.9,88,22,0,0.25,6.4
Davis,9/1/2013,244,90.5,61.1,76,26,0,0.21,6.9
Davis,9/2/2013,245,87.1,65,82,38,0,0.18,6.2
Davis,9/3/2013,246,85.4,58.9,84,30,0,0.23,6.4
Davis,9/4/2013,247,86,61.3,89,34,0,0.21,6.5
Davis,9/5/2013,248,88.1,57.7,85,28,0,0.22,5.6
Davis,9/6/2013,249,91.5,54.8,85,15,0,0.26,6.7
Davis,9/7/2013,250,95.9,54.1,54,17,0,0.23,3.5
Davis,9/8/2013,251,100,58.4,67,14,0,0.24,4.4
Davis,9/9/2013,252,103,62.6,65,15,0,0.25,4.5
Davis,9/10/2013,253,89.9,59.9,80,36,0,0.21,6
Davis,9/11/2013,254,81.1,56.4,93,49,0,0.14,5.3
Davis,9/12/2013,255,87.2,56.9,89,37,0,0.17,4.6
Davis,9/13/2013,256,90.2,57.7,88,36,0,0.18,4.5
Davis,9/14/2013,257,86.3,55.9,86,39,0,0.18,4.9
Davis,9/15/2013,258,87.6,53.8,88,31,0,0.2,6.2
Davis,9/16/2013,259,85.9,53.2,92,32,0,0.18,5
Davis,9/17/2013,260,82.1,57.7,79,34,0,0.18,6.3
Davis,9/18/2013,261,86.5,53.6,74,15,0,0.27,9.5
Davis,9/19/2013,262,91.6,47.6,87,16,0,0.19,3.4
Davis,9/20/2013,263,83.9,53.5,81,30,0,0.2,7.6
Davis,9/21/2013,264,65.8,55.4,95,76,0.64,0.03,7.4
Davis,9/22/2013,265,74.2,52.2,95,52,0,0.13,4.1
Davis,9/23/2013,266,83.7,52.9,97,36,0,0.16,3.4
Davis,9/24/2013,267,80.5,57.7,91,38,0,0.17,5.4
Davis,9/25/2013,268,73,50.7,77,29,0,0.17,6.5
Davis,9/26/2013,269,75.5,55.4,52,23,0,0.26,13.7
Davis,9/27/2013,270,78,52.9,56,20,0,0.23,8.5
Davis,9/28/2013,271,82.8,47.5,76,18,0,0.17,4.9
Davis,9/29/2013,272,76.4,56.8,85,55,0,0.12,7.9
Davis,9/30/2013,273,76.7,58.9,94,56,0,0.12,5.9
Davis,10/1/2013,274,76.7,47.9,89,32,0,0.15,4.7
Davis,10/2/2013,275,78.4,53.9,66,29,0,0.19,6.2
Davis,10/3/2013,276,74.1,56.7,42,20,0,0.32,17.7
Davis,10/4/2013,277,81.1,58.6,35,15,0,0.33,16.7
Davis,10/5/2013,278,82.5,52.1,43,14,0,0.19,5
Davis,10/6/2013,279,83.7,46.1,51,16,0,0.15,3.2
Davis,10/7/2013,280,84.5,50.7,59,18,0,0.16,3.5
Davis,10/8/2013,281,77.5,57.1,43,19,0,0.21,9.3
Davis,10/9/2013,282,74.9,54.4,44,24,0,0.23,11.4
Davis,10/10/2013,283,75.4,49.8,79,27,0,0.13,4
Davis,10/11/2013,284,75.3,42.7,89,34,0,0.13,3.7
Davis,10/12/2013,285,77.3,42.5,83,30,0,0.14,4.8
Davis,10/13/2013,286,75.4,54.6,66,23,0,0.21,10.7
Davis,10/14/2013,287,78.2,49.9,52,20,0,0.18,6.7
Davis,10/15/2013,288,81.1,54.6,42,16,0,0.24,10.4
Davis,10/16/2013,289,80.9,46.3,50,20,0,0.13,2.7
Davis,10/17/2013,290,82.3,46,51,18,0,0.15,4
Davis,10/18/2013,291,83,44.5,62,18,0,0.12,2.2
Davis,10/19/2013,292,83.3,46.1,57,20,0,0.14,3.4
Davis,10/20/2013,293,85.2,45.6,64,19,0,0.13,3.2
Davis,10/21/2013,294,81.9,43.4,78,25,0,0.12,2.7
Davis,10/22/2013,295,83.3,45.4,79,21,0,0.13,3.5
Davis,10/23/2013,296,86.1,45.6,76,17,0,0.13,3.6
Davis,10/24/2013,297,73.1,40.2,89,41,0,0.1,3.7
Davis,10/25/2013,298,76.8,41,92,32,0,0.1,3.2
Davis,10/26/2013,299,80.2,41.8,90,24,0,0.11,3
Davis,10/27/2013,300,68.1,42.2,80,46,0,0.13,10.1
Davis,10/28/2013,301,67.3,42.5,87,38,0,0.11,5.9
Davis,10/29/2013,302,63.7,47.1,85,47,0,0.06,3.2
Davis,10/30/2013,303,68.1,40.6,89,40,0,0.09,2.8
Davis,10/31/2013,304,71.5,39.7,85,33,0,0.09,2.5
Davis,11/1/2013,305,74.7,41.7,77,30,0,0.1,2.5
Davis,11/2/2013,306,75.9,39.9,78,32,0,0.11,5.2
Davis,11/3/2013,307,65.3,52.6,34,21,0,0.24,17.2
Davis,11/4/2013,308,69.2,52.9,34,18,0,0.27,18.4
Davis,11/5/2013,309,72.8,48.5,49,22,0,0.15,7.3
Davis,11/6/2013,310,72.8,42.8,60,25,0,0.09,2.3
Davis,11/7/2013,311,75.3,46.8,62,25,0,0.1,3.4
Davis,11/8/2013,312,74.9,41.4,73,30,0,0.09,2.9
Davis,11/9/2013,313,74.2,44.3,80,32,0,0.09,3.1
Davis,11/10/2013,314,73.6,42.5,71,32,0,0.08,2.4
Davis,11/11/2013,315,70,38.2,75,38,0,0.07,2.7
Davis,11/12/2013,316,72.7,47.4,65,32,0,0.08,3.6
Davis,11/13/2013,317,80,42.3,72,28,0,0.11,4
Davis,11/14/2013,318,67.4,42.9,89,50,0,0.04,2.6
Davis,11/15/2013,319,68.3,41.2,92,22,0,0.14,7.9
Davis,11/16/2013,320,64.9,41.4,89,35,0,0.07,3.7
Davis,11/17/2013,321,65.5,36.1,83,49,0,0.06,2.6
Davis,11/18/2013,322,61.8,50.9,88,48,0,0.05,6.6
Davis,11/19/2013,323,59.4,50.6,97,75,0.6,0.03,5.7
Davis,11/20/2013,324,59.5,54.3,98,91,0.13,0,6.3
Davis,11/21/2013,325,59.2,49.2,83,27,0,0.19,19.4
Davis,11/22/2013,326,69.5,48.3,37,14,0,0.25,17.9
Davis,11/23/2013,327,62,36.6,93,34,0,0.07,3.8
Davis,11/24/2013,328,62.2,36.1,94,49,0,0.05,2.2
Davis,11/25/2013,329,62.6,37.3,88,47,0,0.06,3
Davis,11/26/2013,330,60.4,38.5,83,43,0,0.05,3.4
Davis,11/27/2013,331,62.7,40.4,78,47,0,0.06,4.4
Davis,11/28/2013,332,69.1,43.5,78,31,0,0.08,4.2
Davis,11/29/2013,333,69.9,39.6,88,35,0,0.06,2.8
Davis,11/30/2013,334,68,38.2,87,40,0,0.05,2.4
Davis,12/1/2013,335,69.2,35.9,89,42,0,0.06,1.8
Davis,12/2/2013,336,66.8,36.7,95,51,0,0.06,4.8
Davis,12/3/2013,337,58.9,42.9,73,21,0,0.12,11.3
Davis,12/4/2013,338,49.8,29.6,46,18,0,0.11,9.7
Davis,12/5/2013,339,49.5,26.2,54,21,0,0.09,6.6
Davis,12/6/2013,340,44.6,36.8,92,54,0.38,0.03,6.4
Davis,12/7/2013,341,46.5,31.5,98,52,0,0.05,5.2
Davis,12/8/2013,342,42.3,29.3,90,41,0,0.06,8.3
Davis,12/9/2013,343,49,27.3,81,29,0,0.07,6.7
Davis,12/10/2013,344,54.6,26.6,81,33,0,0.05,4.1
Davis,12/11/2013,345,55.9,26.6,89,35,0,0.05,2.6
Davis,12/12/2013,346,59.5,26.8,87,33,0,0.05,2.7
Davis,12/13/2013,347,62.8,28.7,88,29,0,0.07,3.9
Davis,12/14/2013,348,60.3,28,92,38,0,0.05,2.2
Davis,12/15/2013,349,61.7,30.5,88,37,0,0.05,3
Davis,12/16/2013,350,65.2,31.4,85,34,0,0.05,2
Davis,12/17/2013,351,63,34.5,84,38,0,0.05,2.9
Davis,12/18/2013,352,64.7,35.9,92,35,0,0.05,3.2
Davis,12/19/2013,353,59.2,35.6,90,22,0,0.18,15.9
Davis,12/20/2013,354,65.1,41.5,52,8,0,0.16,11.5
Davis,12/21/2013,355,62.9,31.2,80,28,0,0.06,3.4
Davis,12/22/2013,356,61.8,29.6,84,37,0,0.05,2.2
Davis,12/23/2013,357,63.3,32,85,40,0,0.06,3
Davis,12/24/2013,358,65.5,35.1,83,41,0,0.07,3.5
Davis,12/25/2013,359,64.1,29.9,91,41,0,0.05,2.6
Davis,12/26/2013,360,66.4,28.7,76,28,0,0.07,3
Davis,12/27/2013,361,58.5,30,73,40,0,0.05,2.8
Davis,12/28/2013,362,69.7,29,73,18,0,0.15,10.2
Davis,12/29/2013,363,63.6,34.2,64,19,0,0.07,3.6
Davis,12/30/2013,364,62.1,30.4,68,34,0,0.06,2.7
Davis,12/31/2013,365,64.8,34.9,67,26,0,0.07,3.4
Davis,1/1/2014,1,64.5,29.9,86,30,0,0.05,1.9
Davis,1/2/2014,2,67.4,34.8,69,28,0,0.07,3.4
Davis,1/3/2014,3,65.1,31.7,80,34,0,0.06,2.5
Davis,1/4/2014,4,68.1,32.5,79,14,0,0.14,8.7
Davis,1/5/2014,5,66.9,32.9,47,12,0,0.09,4.3
Davis,1/6/2014,6,61.6,34.2,51,22,0,0.06,2.8
Davis,1/7/2014,7,63.1,35.5,69,22,0,0.06,3
Davis,1/8/2014,8,58,34,92,57,0,0.04,3.2
Davis,1/9/2014,9,61.4,38.2,94,50,0,0.05,3.6
Davis,1/10/2014,10,63.4,34.6,90,44,0,0.05,3
Davis,1/11/2014,11,58.7,40.1,93,74,0,0.03,8
Davis,1/12/2014,12,61.3,50.5,99,29,0,0.13,16.9
Davis,1/13/2014,13,64.9,34.8,81,33,0,0.08,4.8
Davis,1/14/2014,14,65.8,34.2,84,29,0,0.08,4.1
Davis,1/15/2014,15,70.3,31.6,88,24,0,0.07,2.8
Davis,1/16/2014,16,73.6,29.1,77,21,0,0.07,2.7
Davis,1/17/2014,17,70.5,30.5,82,23,0,0.08,3.4
Davis,1/18/2014,18,69.9,29.9,62,20,0,0.07,2.3
Davis,1/19/2014,19,68.7,32.4,64,24,0,0.08,3.3
Davis,1/20/2014,20,69.7,31.4,59,19,0,0.09,3.6
Davis,1/21/2014,21,70.8,32.9,55,16,0,0.12,5.4
Davis,1/22/2014,22,69.1,30.5,58,18,0,0.08,2.8
Davis,1/23/2014,23,72.2,33.5,65,18,0,0.11,5.2
Davis,1/24/2014,24,74.1,42.9,48,17,0,0.12,3.4
Davis,1/25/2014,25,73.8,40.6,46,16,0,0.12,5.1
Davis,1/26/2014,26,68.8,36,64,25,0,0.07,3.1
Davis,1/27/2014,27,64.7,34.6,68,37,0,0.06,2.5
Davis,1/28/2014,28,71.2,45.8,80,30,0,0.06,2.3
Davis,1/29/2014,29,65,47.7,93,72,0.03,0.02,5.6
Davis,1/30/2014,30,61.5,50.4,94,56,0.04,0.06,5.7
Davis,1/31/2014,31,61.2,37.5,97,20,0.02,0.11,7.3
Davis,2/1/2014,32,60.6,35.8,85,27,0,0.09,6.5
Davis,2/2/2014,33,46.9,38.6,90,67,0.2,0.01,5.1
Davis,2/3/2014,34,56.6,36.2,95,48,0,0.07,3.1
Davis,2/4/2014,35,56.3,32.8,96,44,0,0.06,3.5
Davis,2/5/2014,36,54.3,29.2,97,43,0.07,0.05,3
Davis,2/6/2014,37,50.6,44.3,97,82,0.34,0,4.2
Davis,2/7/2014,38,52.6,46.6,97,92,0.36,0,10.6
Davis,2/8/2014,39,55.2,50.7,99,94,0.93,0,11.9
Davis,2/9/2014,40,59.3,55.1,99,95,0.56,0,10.5
Davis,2/10/2014,41,64.7,50.4,98,69,0,0.05,5.3
Davis,2/11/2014,42,62.8,45.1,100,72,0,0.04,3.4
Davis,2/12/2014,43,63,46.3,98,64,0,0.07,6.5
Davis,2/13/2014,44,70.3,50.6,98,68,0,0.06,4
Davis,2/14/2014,45,68.4,52.1,99,66,0,0.06,6.1
Davis,2/15/2014,46,63.2,50.8,98,71,0,0.04,8.2
Davis,2/16/2014,47,64.3,44.2,92,42,0,0.11,5.3
Davis,2/17/2014,48,65.2,37.8,91,37,0,0.09,2.6
Davis,2/18/2014,49,65.3,42.7,86,45,0,0.08,3.8
Davis,2/19/2014,50,64.9,47,92,26,0,0.14,8.8
Davis,2/20/2014,51,68.9,45.9,72,29,0,0.15,8
Davis,2/21/2014,52,70.9,43.7,74,28,0,0.13,5.2
Davis,2/22/2014,53,72.9,44.6,77,25,0,0.13,4.9
Davis,2/23/2014,54,73.1,38.5,96,29,0,0.11,3
Davis,2/24/2014,55,76.2,42.5,90,29,0,0.11,3.1
Davis,2/25/2014,56,72.5,50.8,82,27,0,0.12,5
Davis,2/26/2014,57,60.2,50.9,94,76,0.51,0.03,7.3
Davis,2/27/2014,58,64.4,51,93,61,0.09,0.08,8.1
Davis,2/28/2014,59,60.1,51.8,95,81,0.98,0.03,7
Davis,3/1/2014,60,67.3,49.9,91,53,0.03,0.09,6.4
Davis,3/2/2014,61,61.2,49.2,92,79,0,0.03,6.8
Davis,3/3/2014,62,58.9,48,97,80,0.15,0.01,5.2
Davis,3/4/2014,63,60.6,52,98,77,0.04,0.05,5.1
Davis,3/5/2014,64,67.1,53.1,97,74,0.25,0.06,6.4
Davis,3/6/2014,65,68.2,47.8,97,54,0,0.12,6.7
Davis,3/7/2014,66,69.8,47.9,86,35,0,0.16,8.5
Davis,3/8/2014,67,69.4,41.4,93,51,0,0.11,2.7
Davis,3/9/2014,68,68.5,54.7,88,61,0,0.05,3.2
Davis,3/10/2014,69,67.8,52.6,91,36,0.09,0.16,7.8
Davis,3/11/2014,70,69.7,49.9,49,28,0,0.27,18.3
Davis,3/12/2014,71,74.1,49.6,49,24,0,0.24,12.2
Davis,3/13/2014,72,78.9,45.7,72,20,0,0.16,4.7
Davis,3/14/2014,73,74.3,40.5,93,30,0,0.14,3.9
Davis,3/15/2014,74,82.1,49.2,77,22,0,0.17,5.2
Davis,3/16/2014,75,77.9,44.9,93,29,0,0.16,4.3
Davis,3/17/2014,76,68.3,47.6,76,22,0,0.23,12.1
Davis,3/18/2014,77,71.5,48.3,51,20,0,0.26,13.4
Davis,3/19/2014,78,73.7,41.8,70,26,0,0.16,3.9
Davis,3/20/2014,79,78.2,47.2,75,27,0,0.15,3.5
Davis,3/21/2014,80,76.4,44.3,82,24,0,0.17,4.1
Davis,3/22/2014,81,78.3,43.6,92,18,0,0.18,5
Davis,3/23/2014,82,78.7,41.3,92,23,0,0.15,3.4
Davis,3/24/2014,83,80.6,49.5,87,25,0,0.17,3.7
Davis,3/25/2014,84,63.9,42.2,80,50,0.02,0.08,6.5
Davis,3/26/2014,85,62.8,48.8,94,59,0.37,0.07,6.7
Davis,3/27/2014,86,61.5,49.2,91,61,0,0.06,7
Davis,3/28/2014,87,67.6,50.9,92,56,0,0.12,8.8
Davis,3/29/2014,88,58.8,48.5,93,70,0.29,0.03,8.1
Davis,3/30/2014,89,63.7,39.6,95,50,0,0.14,4.9
Davis,3/31/2014,90,56.4,42.8,93,63,0.29,0.03,6.9
Davis,4/1/2014,91,56.3,44.3,98,76,1.26,0.05,5.6
Davis,4/2/2014,92,62.9,42.6,98,50,0,0.13,3.2
Davis,4/3/2014,93,66,44.3,95,48,0,0.14,6.2
Davis,4/4/2014,94,60.2,45.2,97,63,0.24,0.07,4
Davis,4/5/2014,95,70.9,40.8,97,38,0,0.17,3.9
Davis,4/6/2014,96,78,47.4,96,37,0,0.21,6.5
Davis,4/7/2014,97,82.1,50.9,90,38,0,0.18,2.8
Davis,4/8/2014,98,84.6,52.7,90,31,0,0.19,3.4
Davis,4/9/2014,99,80.3,52,94,31,0,0.19,3.3
Davis,4/10/2014,100,81.6,44.5,97,30,0,0.19,3.7
Davis,4/11/2014,101,78.6,48.8,96,48,0,0.15,4.2
Davis,4/12/2014,102,74.6,46,95,52,0,0.18,6.5
Davis,4/13/2014,103,79.4,49.7,93,22,0,0.23,7.4
Davis,4/14/2014,104,80.7,43.4,88,31,0,0.19,3.3
Davis,4/15/2014,105,82,46.1,93,29,0.01,0.19,3.6
Davis,4/16/2014,106,82.4,51.6,87,25,0,0.23,6
Davis,4/17/2014,107,82.3,49.3,93,36,0,0.24,6.4
Davis,4/18/2014,108,81.8,52.9,77,29,0,0.24,8.1
Davis,4/19/2014,109,79.2,49,89,24,0,0.23,6.5
Davis,4/20/2014,110,84.6,49.2,95,18,0,0.24,5.4
Davis,4/21/2014,111,77.6,50.3,81,19,0,0.15,6.1
Davis,4/22/2014,112,69.8,48.8,84,23,0,0.22,7
Davis,4/23/2014,113,72.7,43.1,77,29,0,0.22,5.4
Davis,4/24/2014,114,74.7,58.1,84,40,0,0.18,8.8
Davis,4/25/2014,115,58.6,47.7,92,73,0.33,0.03,6.3
Davis,4/26/2014,116,64.1,41.5,97,49,0,0.16,5.3
Davis,4/27/2014,117,68.1,49.7,92,50,0,0.15,6.2
Davis,4/28/2014,118,75.8,45.5,95,26,0,0.23,6.5
Davis,4/29/2014,119,87.9,52,70,19,0,0.3,8.3
Davis,4/30/2014,120,91,54.6,65,16,0,0.26,4.5
Davis,5/1/2014,121,93.5,54.3,74,12,0,0.27,4.5
Davis,5/2/2014,122,89.6,50.8,76,20,0,0.26,5.3
Davis,5/3/2014,123,78.4,54.1,84,37,0,0.26,9.9
Davis,5/4/2014,124,76,49.6,79,41,0,0.21,6.1
Davis,5/5/2014,125,72.1,51,86,37,0.01,0.19,7
Davis,5/6/2014,126,76.5,49.9,83,16,0,0.26,6.8
Davis,5/7/2014,127,75.3,46.5,91,32,0,0.24,7.1
Davis,5/8/2014,128,70.8,52,86,43,0,0.17,9.3
Davis,5/9/2014,129,76.6,53.2,92,36,0,0.23,6
Davis,5/10/2014,130,73.5,52.6,71,22,0,0.27,8.5
Davis,5/11/2014,131,81.4,53.7,43,14,0,0.34,11.3
Davis,5/12/2014,132,87.6,50.6,47,13,0,0.29,5.7
Davis,5/13/2014,133,94.1,55.6,54,11,0,0.28,4.3
Davis,5/14/2014,134,94.8,56,69,19,0,0.28,4.1
Davis,5/15/2014,135,95.7,55.7,62,13,0,0.28,4.3
Davis,5/16/2014,136,91.5,53.2,69,20,0,0.29,6.2
Davis,5/17/2014,137,81.8,55.5,79,36,0,0.25,7
Davis,5/18/2014,138,79.6,54.2,74,36,0,0.26,7.2
Davis,5/19/2014,139,76.7,56.3,78,38,0,0.24,10.6
Davis,5/20/2014,140,75.8,53.3,81,41,0,0.2,5.8
Davis,5/21/2014,141,85.3,51.2,94,25,0,0.25,5
Davis,5/22/2014,142,89.3,60,89,26,0,0.25,5.2
Davis,5/23/2014,143,90.7,53.6,85,34,0,0.25,4.3
Davis,5/24/2014,144,91.9,57.1,82,27,0,0.29,5.7
Davis,5/25/2014,145,93.8,55.2,81,27,0,0.29,4.9
Davis,5/26/2014,146,91.7,54.6,73,24,0,0.3,6
Davis,5/27/2014,147,87.2,54.4,75,23,0,0.27,4.6
Davis,5/28/2014,148,80.3,51.1,45,15,0,0.33,8.6
Davis,5/29/2014,149,86,56.9,65,17,0,0.35,10.2
Davis,5/30/2014,150,81.7,50.4,86,19,0,0.27,7.1
Davis,5/31/2014,151,84.8,45.1,94,20,0,0.24,4.5
Davis,6/1/2014,152,88.7,50.1,88,18,0,0.27,4.2
Davis,6/2/2014,153,80.7,53.2,81,32,0,0.28,8.3
Davis,6/3/2014,154,84.1,46.8,95,26,0,0.25,4.7
Davis,6/4/2014,155,94.6,50.8,89,23,0,0.28,4.4
Davis,6/5/2014,156,93.1,55.3,82,27,0,0.28,4.8
Davis,6/6/2014,157,89.7,54,83,34,0,0.28,5.5
Davis,6/7/2014,158,96.3,53.9,88,22,0,0.28,4.3
Davis,6/8/2014,159,101.2,59.6,77,13,0,0.37,7.6
Davis,6/9/2014,160,103.5,61.4,72,13,0,0.33,5.2
Davis,6/10/2014,161,100.7,60.7,77,15,0,0.36,8.9
Davis,6/11/2014,162,84.8,56.3,86,40,0,0.28,7.5
Davis,6/12/2014,163,84,53,84,31,0,0.28,8.2
Davis,6/13/2014,164,85.2,49.1,92,25,0,0.27,5
Davis,6/14/2014,165,85.5,57.6,69,22,0,0.29,7.9
Davis,6/15/2014,166,81.7,54,83,38,0,0.26,7.5
Davis,6/16/2014,167,77.5,54.6,73,33,0,0.28,9.2
Davis,6/17/2014,168,82.2,51.5,81,13,0,0.31,7.6
Davis,6/18/2014,169,92.3,53,70,19,0,0.33,6.8
Davis,6/19/2014,170,90.8,52.8,83,11,0,0.28,4.9
Davis,6/20/2014,171,93.8,53.4,86,23,0,0.31,5.7
Davis,6/21/2014,172,90,56.6,77,28,0,0.3,6.4
Davis,6/22/2014,173,88.3,50.4,90,29,0,0.27,5.6
Davis,6/23/2014,174,92.9,52.1,89,26,0,0.28,5.1
Davis,6/24/2014,175,89.8,57.2,76,30,0.01,0.29,6.2
Davis,6/25/2014,176,84.6,63.9,84,42,0,0.24,10.8
Davis,6/26/2014,177,81.7,60.3,80,42,0,0.27,8.2
Davis,6/27/2014,178,89.2,57,89,38,0,0.28,6.8
Davis,6/28/2014,179,88.4,55.7,91,37,0,0.27,4.7
Davis,6/29/2014,180,97.9,56.6,81,20,0,0.29,4.2
Davis,6/30/2014,181,104.2,61,72,17,0,0.33,5.6
Davis,7/1/2014,182,90.4,61,77,34,0,0.3,7
Davis,7/2/2014,183,89.7,56.4,83,34,0,0.27,6.2
Davis,7/3/2014,184,91.3,57.4,89,34,0,0.28,5.7
Davis,7/4/2014,185,93.8,54.7,89,20,0,0.31,6.1
Davis,7/5/2014,186,95.8,52.8,89,14,0,0.29,4.8
Davis,7/6/2014,187,97,52.8,84,18,0,0.3,4.3
Davis,7/7/2014,188,91.7,58.6,79,24,0,0.25,5.6
Davis,7/8/2014,189,94.9,63,75,21,0,0.25,5.6
Davis,7/9/2014,190,91.9,56.9,92,28,0,0.3,7.5
Davis,7/10/2014,191,87.6,60.5,82,33,0,0.28,7.5
Davis,7/11/2014,192,87,60.4,78,34,0,0.29,7.2
Davis,7/12/2014,193,89.4,53.8,89,32,0,0.27,5.5
Davis,7/13/2014,194,97.9,57.5,87,29,0,0.26,3.7
Davis,7/14/2014,195,102.4,63.7,79,18,0,0.33,6.2
Davis,7/15/2014,196,93.5,68.4,61,30,0,0.31,8.4
Davis,7/16/2014,197,89.1,66,71,39,0,0.27,8.4
Davis,7/17/2014,198,84.7,61.7,82,46,0,0.27,7.9
Davis,7/18/2014,199,86.3,59.2,82,42,0,0.26,6.7
Davis,7/19/2014,200,92.4,57.2,86,33,0,0.27,6.1
Davis,7/20/2014,201,84.2,62.3,78,36,0,0.17,6.4
Davis,7/21/2014,202,86.3,64,77,42,0,0.27,7.5
Davis,7/22/2014,203,87,61.3,82,35,0,0.23,6.6
Davis,7/23/2014,204,85.9,59.9,80,41,0,0.25,5.3
Davis,7/24/2014,205,94,58.1,87,20,0,0.29,5.7
Davis,7/25/2014,206,101.5,58.8,79,11,0,0.29,4.2
Davis,7/26/2014,207,100.3,57.8,75,13,0,0.29,4.8
Davis,7/27/2014,208,99.6,66,63,18,0,0.23,4.6
Davis,7/28/2014,209,95.1,68.1,76,19,0,0.28,9.1
Davis,7/29/2014,210,98,60.5,74,23,0,0.28,4.7
Davis,7/30/2014,211,98.6,59.6,88,22,0,0.27,4.8
Davis,7/31/2014,212,97.7,60,84,25,0,0.27,4.4
Davis,8/1/2014,213,105,60.2,82,12,0,0.29,4.9
Davis,8/2/2014,214,92.2,59.1,83,33,0,0.28,7.3
Davis,8/3/2014,215,83.6,57.2,88,41,0,0.23,7.5
Davis,8/4/2014,216,81.6,59.9,81,47,0,0.1,3.8
Davis,8/5/2014,217,76.7,67.7,81,64,0,0.05,4.8
Davis,8/6/2014,218,93.2,65.5,90,32,0.01,0.24,4.3
Davis,8/7/2014,219,92.3,60.8,88,37,0,0.25,5.2
Davis,8/8/2014,220,91.8,58.8,87,35,0,0.24,5
Davis,8/9/2014,221,85.8,58,83,36,0,0.25,6.7
Davis,8/10/2014,222,86.6,53.3,88,32,0,0.22,5.1
Davis,8/11/2014,223,94.8,54.4,87,19,0,0.26,4.3
Davis,8/12/2014,224,85.8,59.6,78,27,0,0.27,9.2
Davis,8/13/2014,225,88.6,56.5,89,39,0,0.25,7.7
Davis,8/14/2014,226,89,55.5,89,24,0,0.25,5.7
Davis,8/15/2014,227,92.8,62.7,82,14,0,0.25,5.7
Davis,8/16/2014,228,93.6,54.4,84,13,0,0.26,5
Davis,8/17/2014,229,90.9,50.8,90,23,0,0.23,4.8
Davis,8/18/2014,230,88,54.2,88,34,0,0.23,5.9
Davis,8/19/2014,231,85.2,53.8,89,41,0,0.22,6.3
Davis,8/20/2014,232,80.5,58.8,85,48,0,0.22,7.4
Davis,8/21/2014,233,88.8,54.4,92,34,0,0.23,5.2
Davis,8/22/2014,234,86.6,59.1,85,39,0,0.24,8.2
Davis,8/23/2014,235,88.3,53.5,90,27,0,0.23,4.5
Davis,8/24/2014,236,90.7,56.2,82,30,0,0.24,5.1
Davis,8/25/2014,237,83.9,59.5,76,40,0,0.22,7.2
Davis,8/26/2014,238,89,55.5,82,33,0,0.23,5
Davis,8/27/2014,239,94.1,58.2,82,22,0,0.23,4.7
Davis,8/28/2014,240,94.9,57.1,83,24,0,0.23,4.4
Davis,8/29/2014,241,90.4,58.2,87,33,0,0.15,4
Davis,8/30/2014,242,95.8,56.7,83,22,0,0.25,5.4
Davis,8/31/2014,243,93.8,58.7,76,23,0,0.22,4.2
Davis,9/1/2014,244,99.3,59.4,74,18,0,0.25,4.9
Davis,9/2/2014,245,91.4,58.6,85,32,0,0.23,6.1
Davis,9/3/2014,246,95.1,51.8,91,23,0,0.21,4.7
Davis,9/4/2014,247,94.6,53.2,85,11,0,0.23,5.3
Davis,9/5/2014,248,90,52.3,88,31,0,0.2,4.5
Davis,9/6/2014,249,91.7,55.6,85,13,0,0.22,4.7
Davis,9/7/2014,250,90.3,52.6,79,21,0,0.22,5.1
Davis,9/8/2014,251,83.8,51.5,79,32,0,0.21,6.4
Davis,9/9/2014,252,88.4,49.8,85,21,0,0.19,3.9
Davis,9/10/2014,253,97.7,64.2,86,13,0,0.21,4.3
Davis,9/11/2014,254,98.2,55.6,89,18,0,0.21,3.5
Davis,9/12/2014,255,99.4,55,75,17,0,0.22,3.7
Davis,9/13/2014,256,101,59.1,74,17,0,0.21,3.3
Davis,9/14/2014,257,95.4,59.5,76,23,0,0.21,4.3
Davis,9/15/2014,258,93.2,61.3,73,20,0,0.24,6.8
Davis,9/16/2014,259,90.4,54.9,85,22,0,0.19,4.5
Davis,9/17/2014,260,88.1,58.7,81,24,0,0.24,8.1
Davis,9/18/2014,261,82.5,62.3,86,41,0,0.16,6.5
Davis,9/19/2014,262,89.7,56.2,90,32,0,0.17,4.2
Davis,9/20/2014,263,88.2,59,87,39,0,0.18,5.5
Davis,9/21/2014,264,85.3,61.4,79,34,0,0.14,5.5
Davis,9/22/2014,265,86.8,54.6,88,38,0,0.16,3.8
Davis,9/23/2014,266,88.3,58.4,83,24,0,0.2,7.3
Davis,9/24/2014,267,85.3,59.6,91,42,0,0.18,7.2
Davis,9/25/2014,268,73.6,57.9,96,57,0.42,0.13,6.3
Davis,9/26/2014,269,75.5,55.3,92,46,0,0.13,5.3
Davis,9/27/2014,270,78.1,54.1,91,37,0,0.15,4.1
Davis,9/28/2014,271,70.7,54.8,93,61,0,0.04,3.7
Davis,9/29/2014,272,80.4,49.9,95,42,0,0.15,3.8
Davis,9/30/2014,273,80.9,51.6,96,32,0,0.17,6.3
Davis,10/1/2014,274,84.2,55,46,19,0,0.28,12.2
Davis,10/2/2014,275,87.9,50.5,55,19,0,0.18,3.7
Davis,10/3/2014,276,93.8,52.1,52,12,0,0.18,3.3
Davis,10/4/2014,277,96,55.6,55,15,0,0.17,2.9
Davis,10/5/2014,278,96.9,55.4,63,18,0,0.17,2.9
Davis,10/6/2014,279,96.4,50.9,74,19,0,0.16,2.7
Davis,10/7/2014,280,95.5,54.4,75,19,0,0.17,3
Davis,10/8/2014,281,94.7,53.2,66,14,0,0.18,4
Davis,10/9/2014,282,87.1,51.1,77,23,0,0.16,3.7
Davis,10/10/2014,283,85.1,57.7,81,30,0,0.14,3.9
Davis,10/11/2014,284,89.9,50.2,85,23,0,0.14,2.6
Davis,10/12/2014,285,89.4,59.5,40,9,0,0.32,13.1
Davis,10/13/2014,286,89.2,49.3,51,16,0,0.18,4.9
Davis,10/14/2014,287,73.7,56.6,78,47,0,0.13,9.3
Davis,10/15/2014,288,71.1,56.1,91,52,0.08,0.05,4.4
Davis,10/16/2014,289,75.2,48.4,95,34,0,0.11,3.7
Davis,10/17/2014,290,75.2,50.4,84,43,0,0.11,4.1
Davis,10/18/2014,291,80.9,50.6,85,37,0,0.13,4.3
Davis,10/19/2014,292,80.9,53.9,94,39,0,0.12,4.6
Davis,10/20/2014,293,73.1,53.6,87,41,0,0.09,7.1
Davis,10/21/2014,294,71.5,43.9,88,43,0,0.01,5
Davis,10/22/2014,295,76.1,44.1,74,34,0,0.11,3.3
Davis,10/23/2014,296,76.3,55.8,85,45,0,0.08,4.6
Davis,10/24/2014,297,77.8,51.1,89,40,0,0.11,5.7
Davis,10/25/2014,298,72.2,55.3,91,56,0.18,0.11,8.7
Davis,10/26/2014,299,69.2,46.4,97,33,0,0.13,6.5
Davis,10/27/2014,300,71.6,40,83,28,0,0.11,4.5
Davis,10/28/2014,301,77.4,41.5,78,30,0,0.1,2.6
Davis,10/29/2014,302,81.8,46.5,79,35,0,0.1,3.2
Davis,10/30/2014,303,76.5,50.3,82,35,0,0.08,4.4
Davis,10/31/2014,304,63.4,54.7,97,76,0.57,0.01,4.9
Davis,11/1/2014,305,67.2,48,98,46,0,0.08,3.2
Davis,11/2/2014,306,57.8,49,94,34,0,0.12,3.5
Davis,11/3/2014,307,67.1,41.9,86,35,0,0.09,3.3
Davis,11/4/2014,308,69.6,40.2,95,39,0,0.08,2.6
Davis,11/5/2014,309,72.9,44.1,91,43,0,0.09,2.2
Davis,11/6/2014,310,75.7,47.1,92,43,0,0.08,2.1
Davis,11/7/2014,311,75.6,47.7,90,44,0,0.1,3.3
Davis,11/8/2014,312,75.4,44.7,97,45,0,0.09,2.5
Davis,11/9/2014,313,79.4,44.3,94,41,0,0.08,2
Davis,11/10/2014,314,74.6,46.3,89,38,0,0.09,3.2
Davis,11/11/2014,315,67.2,44.7,97,55,0,0.07,4.7
Davis,11/12/2014,316,65.2,43.2,90,51,0,0.06,3.1
Davis,11/13/2014,317,62.2,51.9,99,78,0.21,0.01,4.4
Davis,11/14/2014,318,64.6,47.6,100,68,0.01,0.03,2.3
Davis,11/15/2014,319,65.9,47.2,100,67,0,0.04,3.2
Davis,11/16/2014,320,62.3,42.6,85,27,0,0.11,8
Davis,11/17/2014,321,65.2,40.1,66,22,0,0.11,4.6
Davis,11/18/2014,322,61,35.3,70,43,0,0.06,4
Davis,11/19/2014,323,51.8,46,99,67,0.11,0.01,4.8
Davis,11/20/2014,324,55.1,50.4,99,85,0.12,0,3.8
Davis,11/21/2014,325,57.1,46.7,100,80,0,0.03,4.8
Davis,11/22/2014,326,64,48.3,100,88,0.06,0.02,8.1
Davis,11/23/2014,327,63.4,41.5,100,40,0,0.08,7.3
Davis,11/24/2014,328,66.2,36.1,92,31,0,0.08,4
Davis,11/25/2014,329,64.7,37.1,98,48,0,0.06,3.1
Davis,11/26/2014,330,66.7,37.2,97,50,0,0.06,2.2
Davis,11/27/2014,331,68.6,40.2,97,50,0,0.06,2.2
Davis,11/28/2014,332,68,37.6,100,57,0.14,0.05,3.9
Davis,11/29/2014,333,59.6,53.1,99,79,0.32,0.01,4.4
Davis,11/30/2014,334,55.8,51.5,100,88,0.32,0,4.2
Davis,12/1/2014,335,63,52.1,100,75,0.02,0.04,6.2
Davis,12/2/2014,336,56.6,52.6,99,90,0.85,0,5.7
Davis,12/3/2014,337,64,55.9,100,84,2.17,0.02,8.2
Davis,12/4/2014,338,68.2,53.9,100,70,0.01,0.05,4.2
Davis,12/5/2014,339,65.1,54.1,100,82,0.16,0.01,5
Davis,12/6/2014,340,68.1,53.4,100,69,0.09,0.05,3.6
Davis,12/7/2014,341,61,51.6,100,83,0,0.03,3.7
Davis,12/8/2014,342,58.7,51.8,100,95,0,0.01,3.1
Davis,12/9/2014,343,59,52.1,100,94,0,0.01,2.2
Davis,12/10/2014,344,55.9,51.7,100,94,0,0,6.1
Davis,12/11/2014,345,61,48.9,100,79,2.5,0.01,9.1
Davis,12/12/2014,346,52.1,45.3,100,84,0.35,0.01,4
Davis,12/13/2014,347,56.5,44.1,100,75,0,0.03,3.5
Davis,12/14/2014,348,51.4,43.8,100,82,0,0.01,3
Davis,12/15/2014,349,51.2,47.3,100,84,0.86,0,5.1
Davis,12/16/2014,350,59.8,48.1,98,73,0.33,0.04,6.7
Davis,12/17/2014,351,58.6,46.9,100,75,0.2,0.02,6.4
Davis,12/18/2014,352,57.5,49.4,99,81,0,0.03,3
Davis,12/19/2014,353,52.4,50.5,100,91,0.73,0,5.4
Davis,12/20/2014,354,56.2,52.1,100,95,0,0,5.4
Davis,12/21/2014,355,66.9,54.9,100,78,0,0.04,4.7
Davis,12/22/2014,356,64.6,50.4,100,77,0,0.03,4.7
Davis,12/23/2014,357,65.6,44.1,100,64,0.01,0.04,2.6
Davis,12/24/2014,358,60.8,47.4,100,59,0.01,0.03,7.2
Davis,12/25/2014,359,56.1,40.7,77,41,0,0.09,10.2
Davis,12/26/2014,360,55.6,41.4,68,42,0,0.1,12.2
Davis,12/27/2014,361,53.2,32.9,95,60,0,0.04,2.6
Davis,12/28/2014,362,57.6,33.9,96,55,0,0.05,2.1
Davis,12/29/2014,363,48.9,36.1,99,79,0,0.01,3
Davis,12/30/2014,364,53.6,38.7,96,23,0,0.13,16.5
Davis,12/31/2014,365,54.3,37.2,46,23,0,0.15,15.4
Davis,1/1/2015,1,51.7,29.8,93,46,0,0.04,2.8
